[run number],memory-satisfact,[step],coopown-percent,defother-percent,consist-ethno-percent,meetown-percent,coop-percent,last100coopown-percent,last100defother-percent,last100consist-ethno-percent,last100meetown-percent,last100coop-percent,cc-percent,cd-percent,dc-percent,dd-percent
2,0,1000,0.9738628649015616,1.341121495327103,0.99873417721519,0.9322784810126582,0.9091772151898734,0.969749078213202,1.4390029325513196,0.9991160187196036,0.9374177958584408,0.9099440247147708,0.0025128465751877,0.9634013778304816,0.0019340448359591,0.0321517307583714
5,0,1000,0.9616135328562134,1.6726190476190477,0.9984577421344848,0.9481801357186922,0.9133251079580506,0.9686324051177292,1.4635279854516063,0.9994959486875764,0.9376362513703896,0.9087289086028958,0.0025569905521366,0.9631258848343012,0.0012134870416919,0.0331036375718702
3,0,1000,0.9673847995212448,2.0686274509803924,1.0,0.970383275261324,0.9387340301974448,0.961036508091246,3.12862930452397,0.9994613681249626,0.9822730265126578,0.944538871266982,0.0003133551985627442,0.9564854080929204,0.0031683692299121,0.0400328674786048
4,0,1000,0.9664694280078896,1.5260416666666667,0.9996907854050712,0.9406307977736548,0.909400123685838,0.9699067317642688,1.4232616212063005,0.9991964507321917,0.9353933978654752,0.908047902705386,0.0056734653097926,0.961220615731556,0.0009206000314003112,0.0321853189272511
6,0,1000,0.9678402166553826,1.36864406779661,0.9974921630094044,0.9260188087774296,0.8987460815047021,0.966765444432444,1.4354546278669205,0.999246112768965,0.9306989162871054,0.9005214386681326,0.0004457032766379597,0.9624099607493568,0.0018403232067631,0.0353040127672422
1,0,1000,0.949074074074074,2.7127659574468086,0.9988002399520096,0.9718056388722256,0.923515296940612,0.9619625520110956,1.9420042297055475,0.9985251901169532,0.9626927722177376,0.9275492058482584,0.0201849052624178,0.937547017260168,0.0017225014940063,0.0405455759834077
7,0,1000,0.9572127139364304,2.1083333333333334,0.9979363207547168,0.964622641509434,0.9254127358490566,0.9591850212990788,1.7695740882427953,0.9990895219676372,0.950758836346283,0.9128641127234596,0.0034575213669069,0.9514221842046624,0.0004241034524896311,0.0446961909759411
10,0,1000,0.9639917695473252,1.6402439024390243,1.0,0.9467532467532468,0.9126623376623376,0.9569813374178724,1.6976420865309754,0.9991700719059836,0.9430390573030504,0.9033007063891793,0.0006523961059201321,0.9520851304429768,0.0008191195552108325,0.046443353895892
8,0,1000,0.9609375,1.5606060606060606,0.9987269255251432,0.9369828134945896,0.9016549968173138,0.962002923976608,1.48171513060621,0.9978835618768928,0.9309605634761304,0.8977032222940556,0.0233634577006836,0.933862975862566,0.0022081085387784,0.0405654578979717
9,0,1000,0.9589460784313726,1.6927083333333333,0.999710648148148,0.9444444444444444,0.905960648148148,0.9560241046454232,1.7457838479809975,0.9991249902776698,0.9454253195405876,0.9047244043452336,0.000550705269882296,0.9518316457276286,0.0009398703272657852,0.0466777786752234
11,1,1000,0.9972510690287112,1.15625,0.998790078644888,0.9903206291591048,0.9888082274652148,0.9978979796776336,1.0533602986932171,0.9988911981189372,0.982092013840522,0.9811364383500584,0.0169312310055661,0.9803422156903168,0.000831266251255212,0.0018952870528618
12,1,1000,1.0,1.0,1.0,0.9631057268722468,0.9631057268722468,0.9989501893248312,1.0080565371024734,0.9993199348055644,0.959396951471466,0.9590698315045224,0.0002853629204856605,0.9979820764908514,0.0007202016564638099,0.0010123589321991
13,1,1000,1.0,0.9754098360655736,0.9980842911877394,0.9220945083014048,0.9240102171136654,0.998069461411382,1.0154478225143797,0.99931239972496,0.9284778175449732,0.9273729555645668,0.0117105871155954,0.9858272929784756,0.0003103512486465237,0.0021517686572825
16,1,1000,1.0,0.9375,0.9988706945228684,0.9819311123658948,0.9830604178430266,0.9994582043343652,0.9719853836784408,0.998826494888671,0.977006021565607,0.9776501890491528,0.0342140176136856,0.9643659539857464,0.0009666860003866744,0.000453342400181337
15,1,1000,0.9909620991253644,1.2338709677419355,0.9994372537985368,0.9651097355092854,0.9569499155880696,0.996157479742742,1.0713888502710969,0.9992978139381032,0.9582576500560008,0.9552777116858848,0.002557736641794,0.9929338262376036,0.0020598305755248,0.0024486065450775
14,1,1000,0.99013367281986,1.5714285714285714,0.9978015075376884,0.9868090452261308,0.9792713567839196,0.995659291882357,1.1958900059136606,0.9994882842538564,0.9808770977518432,0.9771311123173656,0.0076978832498892,0.9871880914350144,0.0030939182024402,0.0020201071126562
17,1,1000,0.9924454392837158,1.2375,0.9978106185002736,0.9781061850027368,0.9729064039408868,0.9955989002907668,1.1425798745894298,0.9983316955635873,0.9814071495589124,0.9787561832747622,0.0363228580528718,0.9580833952648902,0.0023755175708673,0.0032182291113706
18,1,1000,0.998150431565968,1.06,1.0,0.9700956937799045,0.9683014354066986,0.9971107506816188,1.0360739640085852,0.9984360434426136,0.9659860507429496,0.9647590327616608,0.0235996075630869,0.9728831432327992,0.0023693044923347,0.0011479447117791
21,2,1000,0.9990297542043984,1.0129870129870129,0.9996919285274184,0.9525569932224276,0.9519408502772644,0.9985116920725076,1.0138279192273925,0.9993324825180996,0.9464104026865372,0.9456693700634584,0.0048573371898895,0.9929510212774728,0.0014359030731073,0.0007557384595302057
19,1,1000,0.9942424242424244,1.2159090909090908,1.0,0.974025974025974,0.968417945690673,0.99814030670634,1.0607066950053134,0.9994594564316284,0.9789160000896238,0.9776360601375724,0.0008220002004878538,0.9967320479834264,0.0010291709827246,0.0014167808333611
20,1,1000,0.9977641140301844,1.0344827586206895,0.9989171629669734,0.9685977260422306,0.967514889009204,0.9964081637432378,1.0808988764044944,0.9989695930602236,0.969683894995004,0.9672313561631392,0.0106608373970068,0.9849604842777872,0.0033832184294602,0.0009954598957457542
22,2,1000,0.9984830097087378,1.030864197530864,1.0,0.953152111046848,0.9517061885482938,0.9988470082580768,1.004877762106253,0.9991416136515008,0.9511494912840772,0.9509112101237912,0.0023121308896618,0.9958910518500438,0.000901798851393042,0.0008950184089013649
23,2,1000,0.9996807151979564,0.996551724137931,0.999415546464056,0.9152542372881356,0.9155464640561076,0.9987345501292232,1.003631787126933,0.999151654732664,0.9148285852541056,0.9145192608064486,0.0004528985507246376,0.9977072010869564,0.0014648437499999,0.00037505661231884056
24,2,1000,0.9979873490511788,1.025,0.9985947161326588,0.9775154581225408,0.9769533445756042,0.993828251499464,1.2781456953642385,0.9991131279445832,0.981412056983628,0.976241900647948,0.0029828038356054,0.99023081696795,0.0020619382219286,0.004724440974516
27,2,1000,1.0,0.9893617021276596,0.9993849938499384,0.942189421894219,0.9428044280442804,0.9988282557750252,1.005356611447277,0.9992056937705746,0.9421848296112776,0.9418751362077468,0.0024612672475166,0.9958504254669964,0.0007390582093094213,0.0009492490761772382
25,2,1000,0.9993876301285975,1.0081967213114753,1.0,0.9304843304843304,0.92991452991453,0.998244203620928,1.010153102336825,0.9991244527829892,0.926084755353048,0.925334286309896,0.0029600155279503,0.9945721495119788,0.0005337732919254659,0.0019340616681455
26,2,1000,1.0,0.8658536585365854,0.9967723004694836,0.9759389671361502,0.9791666666666666,0.9981558482228292,0.7797152290548907,0.9921848118544926,0.9726651737617256,0.9786866196984484,0.1835134917654632,0.81391824472936,0.0008449117536612843,0.0017233517515154
28,2,1000,0.9960677555958862,0.9770114942528736,0.9951149425287356,0.95,0.9511494252873564,0.9966993744558136,1.0172603073920468,0.99769009680434,0.9518153017862075,0.9509836190834444,0.0115675668245207,0.984432240726358,0.0020000962245606,0.0020000962245606
29,2,1000,0.9925178919973976,1.125,0.9987600743955364,0.9528828270303782,0.9469931804091756,0.997185205414833,1.0240227123826162,0.9986286566708364,0.9462151511414156,0.9449230931867436,0.006456808904614,0.9900325593881864,0.0019067548684201,0.0016038768387794
30,2,1000,0.9980034227039362,0.9347826086956522,0.9971846846846848,0.9870495495495496,0.987894144144144,0.998400294459073,0.8694166463265804,0.9954757266508756,0.9773260576007792,0.9802868970402674,0.0608496666998308,0.9367890425496634,0.0010214572347693,0.0013398335157364
32,3,1000,0.9974603174603176,1.0533333333333332,1.0,0.9545454545454546,0.952121212121212,0.9979369169034226,1.0209050664043289,0.9993191559902432,0.9398193099201932,0.9385612285978164,0.0008651417102121326,0.99624874554452,0.0020002076340104,0.0008859051112572239
31,3,1000,0.9988706945228684,1.0476190476190477,0.9994419642857144,0.98828125,0.9877232142857144,0.9976711277127208,1.0771375464684014,0.9991140536405364,0.9818423184231844,0.9804416794167942,0.0168752928576209,0.9799116406720664,0.0011044915991699,0.0021085748711426
33,3,1000,0.9968474148802018,1.0701754385964912,0.9993913572732804,0.9653073645769932,0.9628727936701156,0.9992280072900332,0.9895591647331786,0.9988172816029312,0.9575206975719488,0.9579642169708494,0.0352076707776332,0.9635392902623888,0.0004494596269485096,0.0008035793330291534
34,3,1000,0.994192799070848,1.1442307692307692,0.9985907553551296,0.9706877113866968,0.9664599774520856,0.9977187309300164,1.0469483568075115,0.9989433525754392,0.9751242951049418,0.9739564216356902,0.0502217913302167,0.9470622609434765,0.001467541436464,0.0012484062898427
35,3,1000,0.9945325314379442,1.2777777777777777,1.0,0.9806970509383378,0.9753351206434316,0.9981651685014982,1.0792328554823711,0.9993224520047124,0.9857244785645938,0.9845933882377668,0.0047366050135142,0.9928917801685304,0.0008678255339445652,0.0015037892840108
36,3,1000,0.9958456973293768,1.032258064516129,0.997750281214848,0.9476940382452194,0.9460067491563554,0.9987029675621796,0.981320500879644,0.9977496779173312,0.9451579765830292,0.9461823981112052,0.0316273062978832,0.9665767577638916,0.0010224054779409,0.0007735304602842555
37,3,1000,0.9990613266583228,0.90625,0.997239263803681,0.9803680981595092,0.9822085889570552,0.993198551634017,0.8790290088638195,0.9900266962171964,0.9722180247037951,0.975578837791098,0.1395443585821817,0.852895012790286,0.0066856795549114,0.0008749490726207731
38,3,1000,0.9974182444061962,1.0462962962962965,0.9988870339454646,0.969949916527546,0.9685587089593768,0.9970748371316352,1.0439505107178824,0.9989154196817436,0.9607348031656188,0.9590090777113096,0.0019298163324108,0.9945053840535524,0.0021442403693454,0.0014205592446913
39,3,1000,0.9948453608247424,1.0928571428571427,0.9988365328679464,0.9592786503781268,0.9554973821989527,0.9986845761379156,0.9083745364647712,0.9953564249881848,0.9631474954304488,0.966524123244068,0.0488887990404183,0.9490693944662328,0.0012870793406919,0.000754727152657044
40,3,1000,1.0,1.0,1.0,0.9526315789473684,0.9526315789473684,0.9991234392943532,1.0025383452149492,0.9993062220320756,0.9464750297746378,0.946339164922586,0.0038684851039527,0.9947377724596494,0.0008498429490230206,0.0005438994873747333
41,4,1000,1.0,0.8448275862068966,0.9972644376899696,0.982370820668693,0.9851063829787234,0.9978508104235696,1.0203193033381712,0.998566614841316,0.9681418588924788,0.9674945236595248,0.0388589566319058,0.9582530157411128,0.0005312881011899492,0.0023567395257913
43,4,1000,1.0,1.0,1.0,0.9548022598870056,0.9548022598870056,0.9946656153945658,1.0728959228592392,0.9990080519420074,0.9444916338926252,0.9404453003188196,0.0059770209161577,0.9878478626173204,0.0031490361626842,0.0030260803038375
44,4,1000,0.994646044021416,1.2575757575757576,0.999708284714119,0.9807467911318551,0.9757876312718786,0.9992096646720108,0.9921297783488596,0.9990873938297836,0.9827298297393108,0.9828657498072154,0.0173442633832265,0.9810494175433936,0.0002655072848561282,0.0013408117885234
42,4,1000,1.0,1.0,1.0,0.9897629310344828,0.9897629310344828,0.9981079617870317,1.0664148567831286,0.9993102454861246,0.9823987944531548,0.9812298129075508,0.0022390185414582,0.9956345762756774,0.001629581542008,0.0004968236408561265
45,4,1000,0.9981796116504854,1.0277777777777777,1.0,0.938496583143508,0.9367881548974945,0.9968953011283154,1.046807151979566,0.999172561679117,0.9543743517428648,0.9522387450907268,0.0222273927979962,0.974131913554056,0.0013002477314098,0.0023404459165377
47,4,1000,1.0,0.9838709677419356,0.9994242947610824,0.9643062751871042,0.964881980426022,0.9991282044802708,1.0044577361471618,0.9994107265711464,0.9469893212886245,0.946753013669947,0.000585280202897137,0.9979166811825448,0.0008430821970303997,0.0006549564175277485
46,4,1000,0.9994400895856664,1.0,0.9994535519125683,0.9759562841530056,0.9759562841530056,0.996993566407414,1.0490273138141089,0.9984962150015322,0.971121653369046,0.9697058256063374,0.0337821923431517,0.962503112403179,0.0032638173877347,0.00045087786593449487
48,4,1000,1.0,0.9375,0.9986515641855448,0.9784250269687162,0.9797734627831716,0.998551741808986,1.002538876547128,0.9986205159927084,0.9827509757659696,0.9827071826228808,0.0307756057775789,0.9667907600831382,0.0004998816069878187,0.0019337525322949
51,5,1000,0.9945859872611464,1.0486111111111112,0.9991248541423572,0.9159859976662778,0.911901983663944,0.99804105685792,1.01462260491816,0.9993186341603362,0.9229518680780104,0.9218252236852328,0.0008540777002395584,0.996597576641322,0.00027080512446620144,0.0022775405339721
49,4,1000,0.9975786924939468,1.105263157894737,1.0,0.9775147928994082,0.9751479289940828,0.9963020222784752,1.1577708006279437,0.9991628098437988,0.982282719950158,0.9794874504917448,0.001902164876459,0.993422234046091,0.0031525389910545,0.0015230620863955
50,4,1000,0.9959016393442623,0.9878048780487804,0.9957242116515232,0.9780865847140566,0.9783538214858364,0.99837631601595,0.9465408805031448,0.9971753470568124,0.9768311205017122,0.9780697083994194,0.0522402007903449,0.9454768770693156,0.0004005126561999359,0.0018824094841396
53,5,1000,0.9952802359882006,1.0178571428571428,0.9956471271038886,0.983749274521184,0.9834590829947766,0.9978673521269984,0.906960426606792,0.9960736101188992,0.9802683679176842,0.9821041905489748,0.108750729559081,0.8883177694062715,0.0021157213349604,0.0008157796996869528
52,5,1000,1.0,0.9166666666666666,0.9984008528784648,0.9808102345415778,0.982409381663113,0.9962515356704096,1.0055757575757576,0.996466253558868,0.9769720314855131,0.9768436331156144,0.0535711908407109,0.9416627837316116,0.0034813286294348,0.0012846967982426
54,5,1000,0.9951508620689656,1.28,0.998936735778841,0.986709197235513,0.9829877724614566,0.9957337359165758,1.1442374051069704,0.998101715059177,0.9840544064970864,0.9817544554673358,0.0392981993272211,0.9555372336917092,0.001866631488688,0.0032979354923817
56,5,1000,0.996443812233286,1.0588235294117647,1.0,0.94299128101945,0.9396378269617708,0.9988151502784396,1.007411143877076,0.999487269726463,0.921810150239072,0.9212306740127668,0.00032283646929193546,0.9976489083214608,0.00042810923101756654,0.0016001459782295
55,5,1000,0.993731343283582,1.2962962962962965,0.9985311398354876,0.9841363102232668,0.9794359576968272,0.9951818017977428,1.2106130520764666,0.9988011517802756,0.9831995127083448,0.9796611108034776,0.0245827111332337,0.9694043471046956,0.0022299651567944,0.0037829766052762
57,5,1000,0.998766193707588,0.993421052631579,0.998526812021214,0.9552150854449027,0.95550972304066,0.9977576679746936,1.0221600186610684,0.9989818905239752,0.9498317778883004,0.9487200491501128,0.0011618074699408,0.995854615950448,0.0005430934326942248,0.002440483146917
59,5,1000,0.997294046903187,0.8682170542635659,0.9880022321428572,0.9280133928571428,0.9375,0.9980058534947044,0.8654714657178049,0.9924416099284668,0.9580166049010314,0.963664569507886,0.1524368768964022,0.8444543779800606,0.0008195166883398353,0.0022892284351972
58,5,1000,1.0,0.9285714285714286,0.9989124524197932,0.9847743338771072,0.9858618814573138,0.9991927255603268,0.9990224828934506,0.9991898460707536,0.9830859700077708,0.9831025037614288,0.0122256825289773,0.9865048036551418,0.0004430074253334127,0.0008265063905474116
60,5,1000,1.0,1.0,1.0,0.9821235102925244,0.9821235102925244,0.998116854590716,1.0354280218018597,0.998786268148455,0.9820586272750282,0.9814229999309726,0.0010983944456498,0.9958233890214798,0.0017492948578867,0.0013289216749837
61,6,1000,0.998149290561382,1.0,0.9982598607888632,0.9402552204176334,0.9402552204176334,0.9975572225427968,1.0261884826495489,0.9994031873991568,0.9355262447591456,0.9338377749386692,0.0002647032189304597,0.9966285168957278,0.0018041614132365,0.0013026184721051
62,6,1000,1.0,0.9705882352941176,0.9984690753214942,0.9479485609308022,0.949479485609308,0.997070919972702,1.027983777520278,0.9986022696615025,0.9504623703440082,0.949076120336833,0.0042207528251266,0.9921275846183032,0.00042004281726782473,0.0032316197393024
64,6,1000,0.9988165680473372,0.8301886792452831,0.993689041881813,0.9695926563396444,0.974756167527252,0.999328191376836,0.8267533673943335,0.9951815498278528,0.9759719207397032,0.9801347045595316,0.1091667331790246,0.8893367387660627,0.000784845824354165,0.0007116822305584378
65,6,1000,0.995922208281054,1.019736842105263,0.997005988023952,0.954491017964072,0.9535928143712576,0.9977394061760662,1.0174383030797471,0.9988672723450964,0.9427447042062732,0.9417462690053016,0.0146750380413176,0.982213113630444,0.0020768503159828,0.0010349980122554
63,6,1000,1.0,0.986842105263158,0.9997278170930866,0.979314099074578,0.9795862819814916,0.9970676891580846,1.133254716981132,0.999315872318414,0.9834919434231968,0.9812921670161464,0.0006520726595249185,0.995701643489254,0.0031938252711424,0.0004524585800785149
66,6,1000,0.9988808058198098,1.0161290322580645,0.9991749174917492,0.982948294829483,0.9826732673267328,0.998363329583802,1.0523699038780243,0.9992644496922304,0.983314621965855,0.9824408103220384,0.0051409629546311,0.99272193146706,0.0010123131686725,0.0011247924096361
68,6,1000,1.0,0.9578947368421052,0.9977490151941476,0.9465391108610016,0.9487900956668542,0.9971001269691382,1.0093825106304308,0.9978931536446056,0.9354338133919032,0.9348280204596864,0.0529128138763071,0.9433648514197056,0.0022960195370389,0.0014263151669484
67,6,1000,0.995967741935484,1.131578947368421,0.9988726042841036,0.9785794813979708,0.97576099210823,0.997103177268758,1.15424739195231,0.9994292111532692,0.98519809406159,0.982914938674667,0.000839791572989129,0.9954307403390906,0.0021093977305789,0.0016200703573412
69,6,1000,0.9956344586728756,1.0704225352112675,0.9986025712688652,0.960313024035774,0.9575181665735047,0.9991382857551776,0.979317137229153,0.9982772783279332,0.9565611737324876,0.9574596130151052,0.0540564272639464,0.9444845963160846,0.0010604597126626,0.0003985167073063648
70,6,1000,1.0,0.8974358974358975,0.9978082191780822,0.9786301369863014,0.9808219178082191,0.9974842171541286,1.102436513383665,0.9991610968247788,0.984022458479776,0.9823857748340014,0.0087800187061163,0.9879991042141456,0.0020484514760706,0.0011724256036674
71,7,1000,1.0,0.7571428571428571,0.9910761154855644,0.963254593175853,0.9721784776902888,0.9982597560838024,0.9196802935010482,0.9966038986139488,0.9789276050582584,0.9806201336352092,0.0866397082668749,0.9108453509996888,0.0005096064117752172,0.0020053343216609
73,7,1000,0.9948296836982968,1.2586206896551724,0.9994022713687986,0.9826658696951583,0.9781829049611476,0.9989544406680306,1.0133333333333334,0.999187654567433,0.9837808164487474,0.983564560668064,0.0014312818293778,0.9969976367207004,0.0010651399660486,0.0005059414838731152
74,7,1000,0.998671096345515,1.0,0.9987646695491044,0.92958616429895,0.92958616429895,0.9985570212391384,1.0025731440007624,0.998805584555766,0.9381086357711204,0.937949380378556,0.0173509067758697,0.9805774458859562,0.0015761037888433,0.0004955435493306721
72,7,1000,0.9954764776839564,1.0714285714285714,0.9982568274259151,0.9633933759442184,0.9607786170830912,0.9981356253554952,0.9974341430037632,0.9981240394177742,0.9834836361992586,0.9835260148268692,0.0392436794552132,0.9582830638891124,0.0014276522158771,0.0010456044397973
76,7,1000,1.0,1.0,1.0,0.9434571890145396,0.9434571890145396,0.9982262059061564,1.012949385052034,0.9989467165915286,0.9510628324064052,0.95042912617988,0.0042919332093441,0.9931874076042156,0.0005109444296838276,0.0020097147567563
75,7,1000,1.0,0.9696969696969696,0.9988782950084129,0.962983735277622,0.9641054402692092,0.9984742897200116,1.0170103092783505,0.999187185282106,0.9615399865191704,0.960885769795012,0.0042508041608187,0.9934995601458568,0.0009468615903245518,0.0013027741029997
77,7,1000,1.0,0.9954954954954957,0.999677211103938,0.9283408650742414,0.9286636539703034,0.9962156287779408,1.0271453590192643,0.9984298413721872,0.9284115129045548,0.9264682177207028,0.0105164579792584,0.9847386493704692,0.003003711282994,0.0017411813672782
78,7,1000,0.999375,0.9025974025974026,0.9949314251639833,0.9540846750149076,0.95855694692904,0.997945758083535,0.9490382708705136,0.9950647135781704,0.9410919540229884,0.9440940099056164,0.0473210981510163,0.950177496950342,0.0009388834825038722,0.0015625214161378
80,7,1000,0.9952690715552928,1.0543478260869563,0.9968336211859528,0.973517559009787,0.9720782959124928,0.9986619367687328,0.9045147271849348,0.9965061639670518,0.9771021062524186,0.9792885178837968,0.0752237303180249,0.922643296701841,0.0004106966607711825,0.001722276319363
79,7,1000,1.0,0.9431818181818182,0.9985623921794134,0.9746981023576768,0.9761357101782634,0.9983312308727944,1.0234488785318965,0.9988097219910104,0.9809500027745408,0.980503301703568,0.0292112432719782,0.9684829556781182,0.0012093826832347,0.0010964183666688
81,8,1000,0.9982954545454544,0.8103448275862069,0.995248742314142,0.9837898267188372,0.9868641699273336,0.9975326535189882,0.9133333333333332,0.9955813613789074,0.9768253219173464,0.9788337940178432,0.1561072505835378,0.8407560243179796,0.0020064339649141,0.0011302911335683
82,8,1000,0.998596294216732,1.0125,0.99890170236134,0.9780340472267984,0.9777594728171336,0.9975664566577044,1.0004296763105127,0.997622633874376,0.9803797041499932,0.9803712737736612,0.0518812650243402,0.9451121929008108,0.0021762275597458,0.0008303145151030192
84,8,1000,0.9910714285714286,1.117117117117117,0.9994044073853484,0.9338892197736748,0.9261465157832044,0.9971246571706628,1.030767817781043,0.9992904866079348,0.9356234848932774,0.9336427600070952,0.0053980547674763,0.9911643093320082,0.0009387921334741524,0.0024988437670414
85,8,1000,0.9951040391676866,1.2307692307692308,0.9987951807228916,0.9843373493975904,0.980722891566265,0.9960845119406444,1.0967918837400603,0.998169350672941,0.9792980524161732,0.9772942719124468,0.0557313051087029,0.9395167261223666,0.0028538735949384,0.001898095173992
83,8,1000,0.9983342587451416,0.775,0.9958813838550248,0.9890170236133992,0.9914881933003844,0.9960279356430668,1.1752045535396656,0.9987962866266896,0.984549596838466,0.9818426158505416,0.0437778144058018,0.9514488214933244,0.0015757375968353,0.0031976265040382
86,8,1000,0.999691738594328,1.0092592592592593,1.0,0.967780429594272,0.9674821002386634,0.9968646300263432,1.058557857031615,0.999153511914392,0.9628989761249912,0.960726419673192,0.0007905299958429025,0.9956452701091068,0.0032847884310024,0.00027941146404792246
88,8,1000,1.0,0.8392857142857143,0.997427101200686,0.9839908519153804,0.9865637507146942,0.9983666566272038,1.016098304438941,0.9988898319852052,0.9704948257738856,0.9700198424966696,0.0085613687479918,0.9891828210345937,0.0008835814501445861,0.00137222876727
87,8,1000,0.9977311401020988,0.9705882352941176,0.9972175848636616,0.9810795770728992,0.9816360601001668,0.998606295086354,0.9245933278191344,0.9971394224201524,0.9801808693751536,0.9816753640610912,0.098574252484058,0.8989301968201431,0.0003808998430429957,0.0021146508527559
89,8,1000,1.0,0.9952380952380953,0.9997093023255814,0.938953488372093,0.9392441860465116,0.996488142135576,1.0513677045254002,0.9990242566874824,0.9537876316525306,0.9514138083698388,0.0012863760460358,0.994266047199053,0.0032433098181967,0.0012042669367144
90,8,1000,1.0,0.9591836734693876,0.9988694177501414,0.9723007348784624,0.9734313171283212,0.9949232529316426,1.0958372902817348,0.9985844885208622,0.9637192635894845,0.9602422161224748,0.0228802975592539,0.9712078842342464,0.002742106263405,0.0031697119430945
92,9,1000,0.992361927144536,1.2580645161290325,0.9971148297749568,0.9821119446047316,0.9774956722446624,0.9957016486191944,1.1395450568678915,0.9985051467286584,0.9805100689451338,0.9777903454077312,0.0177558586259562,0.9767740720057592,0.0008073903126618984,0.0046626790556224
91,9,1000,1.0,0.7051282051282052,0.9934059633027524,0.9776376146788992,0.9842316513761468,0.9970586250337444,1.0687573616018846,0.9984023531489372,0.9812586918611068,0.9799700889605086,0.0395919230362617,0.9569193360820384,0.00228618247172,0.0012025584099799
93,9,1000,0.997427101200686,1.1111111111111112,0.9991554054054054,0.9847972972972971,0.983108108108108,0.9978701739499364,1.0977485928705442,0.9993535443602318,0.9851482389656708,0.9836965002229158,0.0185855547718228,0.978513155618254,0.0013574841294134,0.0015438054805094
94,9,1000,0.9970149253731344,1.0833333333333333,0.998533724340176,0.9824046920821116,0.9809384164222874,0.9987016115292195,0.9911562092720164,0.998470799968106,0.969410304017496,0.969680832887198,0.0040037206292716,0.9939607177039944,0.0013615346247691,0.0006740270419649236
95,9,1000,1.0,0.9927007299270072,0.9993610223642172,0.9124600638977636,0.9130990415335464,0.997393633392926,1.0236700633876274,0.9993763849702724,0.9245425814029522,0.9227564995216934,0.0003286667319338191,0.9961748786730256,0.0011328512887931,0.0023636033062474
97,9,1000,0.9972809667673715,1.042857142857143,1.0,0.9403409090909092,0.9377840909090908,0.9986734127228976,1.0102086355015063,0.999277917127104,0.9475949085848928,0.947059924108213,0.0019887259809905,0.9962351359877112,0.0012412393191699,0.0005348987121284854
96,9,1000,0.9970845481049564,1.0352112676056338,0.9986002239641656,0.9602463605823068,0.9588465845464724,0.9983255721206292,1.0002212715739784,0.9983980596215134,0.9617621344163352,0.961753673463632,0.0145991770762714,0.983031393264913,0.0013693021257744,0.0010001275330411
98,9,1000,0.9996973365617432,0.9824561403508772,0.9991222937390288,0.9666471620830897,0.9672322995904038,0.9990492230794308,0.990189579742808,0.9986633717674094,0.9564484373285912,0.9568756964612553,0.0237706590491736,0.9747194450112222,0.0009385839624566412,0.0005713119771475208
99,9,1000,0.9994272623138604,1.008264462809917,1.0,0.9351901446170326,0.934654525977504,0.9994776567682624,0.98863537022467,0.998724141073544,0.9305021416203408,0.931291959051004,0.0057134825538493,0.9929582908745916,0.0005481569977862891,0.000780069573772796
100,9,1000,1.0,1.0,1.0,0.9572892938496584,0.9572892938496584,0.996384142008984,1.0435122168916655,0.9987973971217514,0.9487936836211772,0.9465655832766786,0.0108086902410649,0.9848421308947268,0.0031722626552311,0.001176916208977
101,10,1000,1.0,1.0,1.0,0.9582814445828144,0.9582814445828144,0.998573605111196,1.0086206896551724,0.9991293068216144,0.94469025238256,0.9442134442134442,0.0169103033744434,0.981213082287115,0.0010110173188651,0.0008655970195763421
102,10,1000,0.9952522255192878,1.0576923076923077,0.9971214738054116,0.970063327576281,0.968336211859528,0.996246109293231,1.1724907063197023,0.9989079659532418,0.984896804186224,0.9822916432726212,0.0120998201739432,0.983468035751292,0.0022394694797077,0.0021926745950571
103,10,1000,0.9966905681191396,1.0121951219512195,0.9970334412081984,0.977885652642934,0.9776159654800431,0.997768657147812,1.0532002188183809,0.998915910917881,0.9793032392468553,0.9782021670459564,0.0243818934903298,0.9730805636298948,0.0006645945637507301,0.0018729483160247
104,10,1000,0.999479979199168,0.8611111111111112,0.9957005563985836,0.9726858877086496,0.9764795144157816,0.9978435450871932,0.9145992366412212,0.9959117355609808,0.9767934942066774,0.9787753475163172,0.0905222411496066,0.9067005150163386,0.0012593707123398,0.0015178731217148
105,10,1000,1.0,0.9787234042553192,0.9994643813604712,0.9748259239421532,0.9753615425816818,0.9964653692043504,1.137692716640085,0.9994424583384698,0.9789198821037532,0.9760173034035255,0.0007421075855429421,0.9950258734806852,0.0019990105232192,0.0022330084105526
106,10,1000,1.0,0.9594594594594594,0.9990886998784934,0.977521263669502,0.9784325637910084,0.9983497689104472,1.044127086007702,0.9991513993480948,0.9824884792626728,0.9817157468809712,0.0144781189813824,0.9831144339824522,0.0014377808688208,0.0009696661673443184
107,10,1000,0.9962536023054755,1.325,1.0,0.9886039886039886,0.9849002849002848,0.9976314637156164,1.0897353131052292,0.9992260191679008,0.9826874179217078,0.9811338679482524,0.0016714501661461,0.9950788777976812,0.0009256237971885009,0.002324048238984
108,10,1000,1.0,1.0,1.0,0.9952913478516776,0.9952913478516776,0.996817685064071,1.1111571389119028,0.999114980413046,0.9799081133268968,0.9776747566889724,0.0019199978740507,0.9941403525089522,0.0024979903136439,0.001441659303353
109,10,1000,0.997583081570997,1.03921568627451,1.0,0.941946499715424,0.9396698918611268,0.9987581707422556,1.0064619520264682,0.9991925610680348,0.9436133620940944,0.9432489943450124,0.0004935123686537393,0.9975667098489988,0.0004455319994790702,0.0014942457828682
111,15,1000,0.9977839335180057,0.9915254237288136,0.9975858369098712,0.9683476394849786,0.9686158798283262,0.99842461206072,0.990449983813532,0.9982883814558988,0.9829169961785836,0.9830801391415916,0.0512990149054269,0.9463788346906776,0.0013033151839526,0.0010188352199427
110,10,1000,0.9970318402590392,1.2222222222222223,0.9991982896846606,0.9903794762159271,0.9882415820416888,0.9977322088398723,1.0893115942028986,0.9991362310790168,0.9846687960005556,0.9832995417303152,0.0096125779487859,0.987541462120207,0.0015258060236168,0.0013201539073902
113,15,1000,0.9984529702970296,1.0132743362831858,0.9994216310005783,0.9346443030653556,0.9337767495662233,0.9985812728009728,1.004128354287859,0.9989320422911252,0.9367650374378508,0.9365039811090148,0.002726549254351,0.9952319988927718,0.0008996228504204006,0.0011418290024566
112,15,1000,1.0,0.8947368421052632,0.996443390634262,0.966212211025489,0.969768820391227,0.9986920492983298,0.8205721845543245,0.9926042108237954,0.9658216758513496,0.971954217888936,0.1189473684210526,0.8793764666443178,0.00042239356352665104,0.0012537713711029
114,15,1000,0.9991299303944317,0.9558823529411764,0.9967141292442496,0.9441401971522454,0.946604600219058,0.9968407502985972,1.0340038314176243,0.9986671844934418,0.9508535315197628,0.9491823632907892,0.0125888269001905,0.9836551624509,0.001169453865045,0.0025865567838642
115,15,1000,0.9983136593591906,0.875,0.9937736870600976,0.963183540877098,0.9677855982674608,0.9959560571415634,1.0116279069767442,0.9962553574204436,0.9809020452577114,0.980679976016522,0.1154711869808577,0.8796685457044399,0.0017661627127196,0.0030941046019826
118,15,1000,0.9990384615384617,0.9431818181818182,0.9975062344139652,0.972568578553616,0.9741271820448878,0.997000058082128,0.9541406101951868,0.9957254842290938,0.9702615428832272,0.9716253303803388,0.1199549238333523,0.8762618978944332,0.0020995297858211,0.0016836484863933
119,15,1000,0.9967928159076332,1.0461538461538462,0.998768472906404,0.959975369458128,0.958128078817734,0.9982968176740268,1.0152740341419586,0.9990676099346162,0.954598431253715,0.9539049661425858,0.0108233713533669,0.986674709366089,0.0005003838561087957,0.0020015354244351
116,15,1000,1.0,0.7767857142857143,0.9928530588907948,0.9679817038307604,0.9751286449399656,0.9998824055802854,0.7658781177680638,0.9947760314672562,0.9781782882665514,0.9832872284911092,0.1398555175729088,0.8596971477406259,0.00011350283089413525,0.000333831855570986
117,15,1000,1.0,0.7115384615384616,0.995819397993311,0.9855072463768116,0.9896878483835004,0.999038696029446,0.7966809421841542,0.9938174404534982,0.9741978971562436,0.9794439563961036,0.1032149235959516,0.8952371502282199,0.0006747370510021831,0.0008731891248263546
120,15,1000,0.995473747736874,1.173913043478261,0.9979166666666668,0.986309523809524,0.9839285714285714,0.9942819749332754,1.272597071928708,0.9991915335597789,0.9823597114223956,0.9775510204081632,0.0131104555883316,0.98028749356183,0.0030970106823457,0.0035050401674927
121,20,1000,0.9955678670360112,1.3076923076923077,1.0,0.985800109229929,0.9814309120699072,0.9984702342453812,0.9794619612380676,0.9981077114894462,0.9809281592391124,0.9813198574439208,0.0659907882894806,0.9319445179734236,0.0005227910424056329,0.00154190269469
122,20,1000,1.0,0.987603305785124,0.9991900647948164,0.9346652267818576,0.9354751619870412,0.998076730001757,1.0119673855865334,0.9990045089886984,0.9332084089711308,0.9324090882473502,0.0019862406443941,0.9953471110164192,0.0010377935546834,0.0016288547845031
123,20,1000,1.0,0.8541666666666666,0.9980337078651684,0.9865168539325844,0.9884831460674156,0.9994614712267742,0.9975341426403642,0.999433242022326,0.9853531957926556,0.9853893127226052,0.0008359983545429212,0.9980095277272788,0.0005573322363619474,0.0005971416818163723
124,20,1000,1.0,1.0,1.0,0.9665153234960272,0.9665153234960272,0.9993814174207198,0.9916188795765328,0.9990782166219654,0.960940506205526,0.9612678685266972,0.0109972914078569,0.9874956723621774,0.00033942257431657263,0.001167613655649
125,20,1000,0.9954379562043796,1.005813953488372,0.9959537572254336,0.9502890173410404,0.95,0.9976985534641372,1.0151162790697674,0.9985717700141656,0.9498662127421432,0.9491083764231292,0.0169774295228132,0.9801371595796324,0.0006495593252787977,0.0022358515722754
127,20,1000,0.995679012345679,1.1203703703703705,0.9997013142174432,0.967741935483871,0.9638590203106332,0.9979196259469696,1.0447802707213054,0.9993690960293198,0.969068498964744,0.9676833779745688,0.0001895016107636915,0.9972116191559056,0.0014009583367172,0.0011979208966133
126,20,1000,0.994578313253012,1.0782608695652174,1.0,0.9352112676056338,0.9301408450704224,0.9972334129115686,1.0333830104321908,0.9993622486294196,0.9411103894964103,0.9391444770146214,0.0042783896825777,0.9921962172189782,0.0021426175530349,0.0013827755454091
128,20,1000,1.0,0.9761904761904762,0.9986002239641656,0.9412094064949608,0.9426091825307952,0.9989645069530312,1.0049002849002848,0.9992656752318616,0.9492622059809884,0.9490135763350834,0.0010146615184511,0.9972760764605336,0.0006469318406232337,0.0010623301803918
129,20,1000,0.9993686868686869,1.0072463768115942,0.999697519661222,0.9582577132486388,0.9579552329098608,0.9991316808957652,0.9932647997164126,0.998844925468816,0.9511230212129438,0.9514522174543312,0.0019933193188698,0.9963331088297924,0.0010953051547373,0.0005782666966004722
130,20,1000,1.0,0.9871794871794872,0.9994145199063232,0.9543325526932084,0.9549180327868853,0.9988202138701812,1.0016999575010626,0.99897498857926,0.9462539972590224,0.9461626313385108,0.0012296051075904,0.9969530115191028,0.0014525554842414,0.0003648278890652974
132,25,1000,0.9965538847117794,1.067901234567901,1.0,0.9516994633273704,0.9484197972570064,0.9989864380022964,1.0045919706113882,0.9992307868278678,0.9564093472268292,0.9562091802303636,0.0058040702990078,0.9925976092919304,0.0002979919406725136,0.0013003284683891
131,25,1000,0.9960429621254946,1.1044776119402986,1.0,0.9635076252723312,0.9596949891067538,0.9976789662632842,1.0364109232769831,0.9990452762678044,0.9647239615587514,0.9634395284295512,0.003790057866062,0.9930493045920612,0.0019897803796825,0.0011708571621941
133,25,1000,0.9982497082847142,1.0106382978723405,0.998580352072686,0.9733106189664964,0.9730266893810336,0.9956039610869148,1.091155866900175,0.99867460589927,0.967864117557673,0.9649347433350404,0.0313753322665095,0.9631945792853172,0.0016604956043735,0.0037695928437995
135,25,1000,0.998641304347826,1.3125,1.0,0.9956709956709956,0.9943181818181818,0.9981915989470068,1.0608108108108107,0.999080426050458,0.9858058401408132,0.984942681770998,0.0153488184963656,0.982290856422498,0.000905238312367567,0.0014550867687686
134,25,1000,0.9980147475893364,1.12,0.9997203579418344,0.9860178970917226,0.9843400447427292,0.9973226503217344,1.0565295169946334,0.998243797627596,0.9844418838958192,0.9835623911071032,0.0455851445901726,0.9510162547553808,0.0018289925244087,0.001569608130038
136,25,1000,1.0,0.9745762711864406,0.9991758241758242,0.9675824175824176,0.9684065934065934,0.998309703385724,1.0393960430406108,0.9989736053933392,0.9838412958372128,0.983204706832535,0.0107765388135785,0.9869184978319984,0.0010823306185987,0.0012226327358244
137,25,1000,0.9978877489438744,1.1666666666666667,1.0,0.9874851013110846,0.985399284862932,0.9976371498827054,1.0830206378986866,0.9991532622999062,0.9822434940006552,0.9807693375457376,0.0052982067097339,0.9916808859557686,0.0011486087227869,0.0018722986117104
138,25,1000,0.9909318323952472,1.1032608695652173,0.997043169722058,0.9455943228858664,0.9399763453577764,0.9980878168480956,0.9975525976814084,0.998050014253395,0.9293698786338576,0.9295427389566516,0.0160600022451728,0.9812387741356084,0.0005191962281095644,0.0021820273911091
139,25,1000,0.9977591036414566,0.796875,0.9942212438084757,0.9823885525591636,0.9859658778205834,0.99887959282489,0.8706529897423068,0.9960575075298302,0.9779914212244852,0.980838165089119,0.0779243960809721,0.9202972326162552,0.0008065475796961563,0.0009718237230765164
140,25,1000,0.9961583924349882,1.050420168067227,0.999723909442297,0.9342904472667036,0.9309773605742684,0.99880907760945,1.0028453807967066,0.9990010191332186,0.952446207615286,0.9523108989676238,0.0092213114754098,0.98899413744436,0.0005089023993051786,0.0012756486809249
141,30,1000,0.9948512585812356,1.186046511627907,0.9994416527079844,0.9759910664433278,0.9715242881072028,0.9992870528803064,0.9861157024793388,0.9990591774522868,0.982699159836886,0.982939369849068,0.0072752397984067,0.991620603695876,0.0005690131685904731,0.0005351433371267545
142,30,1000,0.9993021632937892,1.0087719298245614,1.0,0.9263089851325146,0.9256625727213964,0.9973563044749062,1.0197220604144128,0.9989924877941876,0.9268442647900356,0.925401482960564,0.0018393364294322,0.9949612048005976,0.0020578016758398,0.0011416570941303
143,30,1000,0.9988304093567252,1.0033333333333334,0.9991935483870968,0.9193548387096774,0.9190860215053764,0.9978109503538856,1.007715281234445,0.9985184570619224,0.9285659256976586,0.9280147917246938,0.0056404733302956,0.9911837399721084,0.0014636234345442,0.0017121632630517
144,30,1000,0.9943310657596371,1.4761904761904765,1.0,0.9882352941176472,0.9826330532212884,0.9969553909651157,1.033158048495472,0.9976427260071108,0.981014237934917,0.9803847071156396,0.0750993122749308,0.9211006253854775,0.0012799511894261,0.0025201111501654
145,30,1000,0.9970607446113652,1.0357142857142858,0.9993861264579496,0.939840392879067,0.9376918354818908,0.9979653452349698,1.0131426016987035,0.9989571344274172,0.9346529331689676,0.9337941026974288,0.000788778764703865,0.9964470660859426,0.0013580712644466,0.0014060838849068
146,30,1000,0.9949937421777222,1.0890410958904109,0.9991023339317774,0.9563135846798324,0.952423698384201,0.9982853244482888,1.0142499728053953,0.9991318843589212,0.9469728432661914,0.9462172077247872,0.001223050423651,0.9962085436866815,0.0017598336651423,0.0008085722245248789
147,30,1000,0.9977337110481588,1.2105263157894737,1.0,0.9893497757847534,0.9871076233183856,0.995005939191813,1.2275347575449305,0.9988571075554458,0.9834378878673684,0.979669431698838,0.0087218829635674,0.9849306730698486,0.0032506404296731,0.0030968035369108
148,30,1000,1.0,0.98,0.998527679623086,0.9263839811542992,0.9278563015312132,0.99946648882961,0.9952659426343636,0.99909928551432,0.9125820076195575,0.9129958494102756,0.00189435285667,0.9971690340208872,0.0006549249653171456,0.000281688157125654
149,30,1000,0.9991638795986622,0.9818181818181818,0.9986479177934018,0.9702541914548404,0.9707950243374798,0.9993500980707866,0.9543933791160416,0.9979033738681052,0.9678196221539715,0.969287260446298,0.0309171597633136,0.9677514792899408,0.0006656804733727811,0.0006656804733727811
150,30,1000,0.9982068141063956,1.019736842105263,0.9991423670668954,0.956546598056032,0.9556889651229272,0.998868587885475,1.0058693630869364,0.999224957550156,0.9490956852026056,0.948796909296368,0.0069451635841462,0.9914393609897204,0.0005937217378097192,0.0010217536883237
151,40,1000,0.9951261467889908,1.2115384615384617,0.9983050847457628,0.9853107344632768,0.9822033898305084,0.9968407021922236,1.108702845797485,0.998725791431296,0.9831481037434407,0.9813162546632688,0.0394331320850168,0.9569989815548264,0.0022033029574849,0.0013645834026719
152,40,1000,0.9947437582128776,1.0879120879120878,1.0,0.9435833849969002,0.9386236825790452,0.9983750812459375,1.014187010594196,0.9993796199294172,0.9364695691870096,0.9355682622920116,0.0021841409389058,0.9956729283285828,0.000872282702015866,0.0012706480304955
153,40,1000,0.9976133651551312,1.0263157894736843,0.9994413407821228,0.9363128491620112,0.93463687150838,0.998980813407966,0.9818189745378444,0.9977952205683028,0.93091691114016,0.9321729125377252,0.0201674569311666,0.9780588124384606,0.00033519318999169,0.001438537440381
154,40,1000,0.9932432432432432,1.1235955056179776,1.0,0.9481654047757716,0.94175888177053,0.9974359286688754,1.0177348748456616,0.998480655802104,0.9485329374180392,0.9476201755044744,0.0188446660128582,0.9779339653481528,0.0011237332461588,0.0020976353928299
156,40,1000,0.998069498069498,0.8846153846153846,0.9949061662198392,0.972117962466488,0.9753351206434316,0.9987813410409928,0.7186544342507645,0.9906210329391328,0.9708692456738156,0.979065054230418,0.1939187030825746,0.8041114305489007,0.0005057765000266198,0.0014640898684981
155,40,1000,0.9991896272285252,0.7142857142857143,0.991842105263158,0.9742105263157896,0.9815789473684212,0.9982394866115796,0.9316303531179564,0.9967625140217016,0.9778262752807116,0.9793422850098292,0.0777591363337953,0.91994641874283,0.000855443338483677,0.0014390015848911
157,40,1000,0.9944444444444444,1.0925925925925926,0.9991181657848324,0.9523809523809524,0.9479717813051146,0.9976464639776564,1.035161949226729,0.999132882817784,0.9603785255539432,0.958985357281183,0.0005655569032011884,0.9965930307036072,0.0011311138064023,0.0017102985867891
158,40,1000,0.9994033412887828,0.9642857142857144,0.9985448195576252,0.9755529685681024,0.9764260768335272,0.9963016612584048,1.090519877675841,0.9980265257335446,0.9816928770175624,0.9800357184845956,0.0842997621783395,0.9113312668679688,0.0009486144884162146,0.0034203564652753
159,40,1000,0.9972283813747228,1.0833333333333333,0.9989130434782608,0.9804347826086957,0.9788043478260868,0.9941116482199548,1.25644525326054,0.9990020355083116,0.9813581363790568,0.9765775189415355,0.004240244753368,0.9888425205302992,0.0030661263485588,0.0038511083677741
161,50,1000,0.9978710462287104,1.017391304347826,0.9991472427515634,0.9346219442865265,0.9334849346219444,0.9983277902103088,1.008412547528517,0.9989435924820932,0.9389373236902288,0.9384236310235544,0.0028689504422965,0.9947470883568428,0.0003825267256395369,0.0020014344752211
160,40,1000,0.997470489038786,1.0253164556962024,0.998654467168999,0.957481162540366,0.9564047362755652,0.999223287260146,0.9174155562441896,0.9962301801010198,0.9634129058225294,0.9664344306438172,0.0565877981090361,0.941933836425581,0.0009878169245966413,0.0004905485407860872
162,50,1000,0.998159509202454,1.011764705882353,0.9988338192419826,0.9504373177842566,0.9498542274052478,0.9989621557507692,0.9814992535721904,0.998005862705253,0.9452385957536262,0.9462517226076193,0.0266935246277911,0.97187450754695,0.0005412701349064425,0.0008906976903523738
163,50,1000,1.0,0.9754901960784312,0.9985883681535856,0.9424054206662902,0.9438170525127046,0.9995765864398783,0.9929516840632734,0.9992240115453338,0.9467803637696433,0.9471554725798323,0.0065435627870429,0.992650346144988,0.00016257298849796104,0.0006435180794710958
164,50,1000,0.9975757575757576,1.0636363636363635,0.9997067448680352,0.967741935483871,0.9656891495601172,0.9992327531766968,0.9857696030977736,0.9988344921593107,0.9704184373603968,0.9708393947377464,0.0252399043768581,0.973541103729438,0.00029120361905148886,0.000927788274652418
165,50,1000,1.0,0.9657534246575342,0.9986218302094818,0.9597574421168688,0.9611356119073868,0.99880782361919,1.0051020408163265,0.9990860785152292,0.9557919774097356,0.955566426274071,0.009366217024113,0.9886203555451716,0.0011819437477237,0.0008314836829916919
167,50,1000,1.0,0.9193548387096774,0.9970896391152504,0.9639115250291036,0.9668218859138532,0.9994155357893006,0.9708805300277836,0.9978774386415608,0.9460978855026468,0.9476674865071912,0.0104446798685247,0.9885841958003966,0.0007538097954526934,0.0002173145356260017
166,50,1000,0.9846350832266324,1.037190082644628,0.9884135472370766,0.9281045751633988,0.9254307783719548,0.9959191735034943,0.9848054679284964,0.9953119613926232,0.9453636677007928,0.9461938412041824,0.0678484066161174,0.9275981000006776,0.0027781730463006,0.0017753203369043
168,50,1000,1.0,0.9666666666666668,0.9994949494949495,0.9848484848484848,0.9853535353535352,0.9987307851041096,1.034798534798535,0.9992249272323768,0.9862996130212224,0.9858228596281882,0.0093752284007627,0.988684610937988,0.000551484023574281,0.0013886766376749
169,50,1000,0.9985038898862956,0.9117647058823528,0.9951121334100056,0.960897067280046,0.9643473260494536,0.9966797437374028,0.987125591171834,0.9962625347070836,0.9563321783427796,0.9568943757314304,0.0418670821760043,0.9536684506469753,0.0035769934286294,0.0008874737483910305
170,50,1000,0.9918630751964084,1.4166666666666667,0.998896247240618,0.9834437086092715,0.9765452538631346,0.9974181517253888,1.0622871736662882,0.998688510014004,0.9804165647853824,0.9791967679551872,0.0173429970929074,0.9796503524351876,0.0026216930163407,0.00038495745556396265
171,65,1000,0.998533724340176,1.042857142857143,0.999425287356322,0.9798850574712644,0.9790229885057472,0.9991743208076852,0.9874568830354344,0.9989653359582108,0.9821646290309952,0.982388340175166,0.007936931053326,0.990616961441576,0.0009129803142784792,0.0005331271908195498
174,65,1000,0.9993238674780256,0.9963235294117648,0.9990712074303404,0.9157894736842104,0.9160990712074304,0.999041703988619,1.00192396490688,0.9992689260189532,0.9211653501268005,0.9210136750269982,0.0044741629381975,0.994212385775393,0.000175595091765995,0.0011378561946436
172,65,1000,0.9903225806451612,1.1067415730337078,0.9966442953020134,0.945698596705308,0.9399023794996948,0.998432767267491,0.9855204103440908,0.9977239396961344,0.9451047105062474,0.9458995717721592,0.0289667248023272,0.9687790821918753,0.0017096020349779,0.000544590970819575
173,65,1000,0.9969437652811736,1.0520833333333333,1.0,0.9445727482678984,0.9416859122401848,0.9974325084897964,1.0283849423193685,0.9992530339914172,0.9411831227345504,0.9395136090659651,0.0019220894569576,0.9951843679309436,0.0005204213331112869,0.0023731212789874
175,65,1000,1.0,0.8904109589041096,0.9955307262569832,0.959217877094972,0.9636871508379888,0.998480352919227,0.8950259195260429,0.9936703412736214,0.9535059882129474,0.9583866543478384,0.108998982015609,0.8885442823210042,0.0018120122158126,0.0006447234475738037
176,65,1000,0.9994465965688988,0.868421052631579,0.9967479674796748,0.9794037940379404,0.9821138211382112,0.9984281654526712,0.9851585014409222,0.998171014347066,0.9806211291124254,0.98090874059678,0.0363618204214801,0.9613410127509404,0.0012118387322302,0.001085328095349
177,65,1000,0.9963768115942028,1.0434782608695652,0.997554347826087,0.975,0.9739130434782608,0.9969654841267184,1.1130742049469964,0.9989490667822783,0.9829161613223648,0.9809844198464484,0.0305456702253855,0.9659153815737446,0.0016211941478845,0.0019177540529853
178,65,1000,1.0,0.8333333333333334,0.9959231217239372,0.9755387303436226,0.9796156086196856,0.9979142559592686,1.0172031076581576,0.9984992650606466,0.9696711286648788,0.9691493778261504,0.0247626825904751,0.9727336020029724,0.0005690262287619328,0.0019346891777905
179,65,1000,0.9964401294498382,1.018796992481203,0.9982121573301548,0.9207389749702026,0.9192491060786652,0.9977479342791796,1.0202273088539182,0.9994160980011678,0.9257913641484172,0.9242903231514192,0.00019281887421323016,0.996639442477998,0.0005715702342749322,0.0025961684135138
181,80,1000,1.0,0.6818181818181818,0.9882943143812708,0.9632107023411371,0.9749163879598662,0.99979373882752,0.8577654516640254,0.9958014076977904,0.9718905915894512,0.975888720598717,0.0527363382794453,0.946451514122714,0.00045932937910650446,0.00035281821873398174
180,65,1000,0.9975055432372506,1.0098039215686274,0.997843665768194,0.9725067385444744,0.9722371967654988,0.9970668098946678,1.049983665468801,0.998931986849908,0.9647526873053252,0.9629908974189202,0.0053812328655573,0.9911511631063216,0.0004885860861540131,0.0029790179419668
182,80,1000,0.9946587537091988,0.9662162162162162,0.9934621944286528,0.9579306424104604,0.959351904491188,0.9961587708066582,0.9221408785120696,0.994062296845928,0.9716761191687776,0.9738813916474254,0.1115557010307212,0.8836413918410699,0.0030661117828204,0.0017367953453884
185,80,1000,1.0,0.987603305785124,0.9991082045184304,0.9280618311533888,0.9289536266349584,0.9996170194064428,0.9895910780669144,0.9989088702430828,0.9293683117246851,0.930103511453945,0.0006504799857579117,0.9984114594032016,0.0004929953576270489,0.0004450652534133081
184,80,1000,0.9969493593654668,1.0219298245614037,0.9985738733599544,0.934968625213919,0.9335424985738734,0.9974569462817656,1.0222069597069596,0.998697535645638,0.9498752044065756,0.9487620850905126,0.0204769134831765,0.9762221077461162,0.0013759726703359,0.0019250061003714
183,80,1000,0.9958100558659218,1.0789473684210529,0.9975382932166302,0.9792122538293216,0.9775711159737418,0.9988893488260912,0.8357732732732732,0.9939750860903936,0.969872603181245,0.9748203269455864,0.1464032183321356,0.8519580649710874,0.0010947164818633,0.0005440002149136652
186,80,1000,0.9975535168195718,1.0214285714285714,0.998533724340176,0.9589442815249268,0.9580645161290322,0.9984633454642828,1.004839968774395,0.998702576688554,0.9624830866374186,0.962301505948232,0.0386745260037466,0.9590609967816976,0.0005901364862175683,0.0016743407283382
187,80,1000,0.9960505529225908,1.1571428571428573,0.998965873836608,0.9819027921406412,0.9790589451913132,0.9976873637093996,0.8581448911222781,0.9939649009137828,0.9733238007998392,0.9771079559418218,0.0862690005526223,0.9105883762891748,0.0022437796701577,0.0008988434880453817
190,80,1000,0.9915824915824916,1.1304347826086956,0.9996829422954978,0.9416613823715916,0.9340519974635384,0.9954989994291414,1.0356493899800987,0.9982130950013453,0.9324017640934454,0.929991928219646,0.011361222462055,0.9836845170795218,0.0044471853907561,0.0005070750676671121
188,80,1000,0.9955908289241624,1.0566037735849056,0.9974344355758268,0.9697833523375142,0.968072976054732,0.9971751073938492,1.0398605223574455,0.998966835416882,0.9580248189092078,0.9563516662648804,0.0053801596474508,0.9909226703435596,0.0019871443924001,0.0017100256165892
189,80,1000,0.9991248541423572,0.8142857142857143,0.9954259576901088,0.9799885648942251,0.983704974271012,0.9966408103827388,0.938818565400844,0.9947936265452032,0.9680540968598884,0.970008593043566,0.155203716558979,0.8406378490948897,0.0012748972072408,0.0028835371388903
191,100,1000,0.9985056784219964,1.0089285714285714,0.9988432620011568,0.9676113360323888,0.967322151532678,0.9963343021178264,1.0181877232867815,0.9971074190249676,0.9646226144106258,0.9639791803109166,0.0537106261151552,0.9417507343912184,0.0036770442534311,0.0008615952401951138
192,100,1000,0.99908480780964,1.0277777777777777,0.9993964996982498,0.9891369945684972,0.9888352444176222,0.9968536821487268,1.171451355661882,0.9992840333895746,0.9860802770624278,0.9836937216943432,0.0057049606623061,0.990732755761347,0.0017048545235031,0.0018574290528438
194,100,1000,0.9960045662100456,1.0655737704918034,0.9983452840595698,0.966354109211252,0.9641478212906784,0.9972830870703112,1.0510843373493977,0.999179116729601,0.964758632012183,0.9629583500812392,0.0021674215735614,0.99472571716155,0.0019325616507297,0.0011742996141586
196,100,1000,0.9993957703927492,0.9558823529411764,0.9976784677887406,0.9605339524085896,0.9622751015670342,0.9990740627931628,0.9918089128193378,0.9987072480869008,0.9495103738279916,0.9499239387576855,0.0155723131628962,0.983106151949264,0.0007220757634588792,0.0005994591243809563
195,100,1000,1.0,0.9814814814814816,0.9990208877284597,0.9471279373368148,0.9481070496083552,0.9953218562874252,1.0524599597199578,0.99881110649089,0.9389330412833022,0.935729471088804,0.0038293929931716,0.9905843598805888,0.0014137185602031,0.0041725285660364
197,100,1000,0.994640605296343,1.05188679245283,0.99822695035461,0.937352245862884,0.9341016548463356,0.9977210904516324,1.021063921063921,0.9993852534223951,0.9287077476419422,0.927206053265803,0.0018125268881663,0.9954863143640994,0.0021298954094406,0.0005712633382936858
198,100,1000,1.0,0.971311475409836,0.9981029810298104,0.9338753387533876,0.9357723577235773,0.998778120290026,1.011152603956399,0.9994945510854004,0.942104186753148,0.9414584976772724,0.003502242121672,0.9950144553326788,0.0007553855556547477,0.0007279169899945751
199,100,1000,0.9990421455938696,0.9662921348314608,0.9972809667673715,0.9462235649546828,0.9480362537764352,0.9986950493434468,0.9970574497898178,0.9985919881480088,0.9370656915425224,0.9372508789051016,0.0284197934855838,0.9694146924970096,0.0007837098348709628,0.0013818041825356
200,100,1000,0.998176291793313,0.9817073170731708,0.9973943254198032,0.952518818760857,0.953387376954256,0.9984363406692462,1.0194493904944528,0.9993367766169738,0.9571487263763352,0.956315295222444,0.0031998681599384,0.9945478641223364,0.0015724674004847,0.000679800317240148
193,100,1000,0.9994117647058824,0.8692307692307693,0.9946175637393768,0.963172804532578,0.9679886685552408,0.9974452423267208,0.9676604345629104,0.9960938395579704,0.9546277827452598,0.9560951005341952,0.0868948190398587,0.9097100563590684,0.0029062266585183,0.0004888979425544917
