"BehaviorSpace results (NetLogo 6.4.0)","Table version 2.0"
"Code.nlogo"
"Memory Sharing Experiment"
"11/25/2024 11:56:27:643 +0100"
"min-pxcor","max-pxcor","min-pycor","max-pycor"
"0","50","0","50"
"[run number]","memory-satisfact","[step]","coopown-percent","defother-percent","consist-ethno-percent","meetown-percent","coop-percent","last100coopown-percent","last100defother-percent","last100consist-ethno-percent","last100meetown-percent","last100coop-percent","cc-percent","cd-percent","dc-percent","dd-percent"
"5","0","200","1","0","1","1","1","0.8548780487804878","8.785714285714286","0.988009592326139","0.9832134292565947","0.8525179856115108","0.6491978609625669","0.14438502673796794","0.08877005347593583","0.11764705882352942"
"7","0","200","0.9761904761904762","2","0.9921875","0.984375","0.96875","0.9486087450312323","30.833333333333332","0.9994331065759637","0.9982993197278912","0.947562358276644","0.07861771058315335","0.7822894168466523","0.07127429805615551","0.06781857451403889"
"2","0","200","0.977859778597786","0.8571428571428571","0.9748201438848921","0.9748201438848921","0.9784172661870504","0.9731362143037655","0.8146900269541779","0.9674087786817362","0.9638524869683831","0.9705509816339455","0.8355613629510503","0.12488692330887528","0.032968137501256406","0.006583576238817972"
"9","0","200","1","1","1","0.9473684210526315","0.9473684210526315","0.9705882352941176","2.1875","0.9985632183908046","0.9770114942528736","0.9497126436781609","0.13054393305439332","0.7523012552301256","0.06527196652719666","0.051882845188284524"
"8","0","200","0.9464980544747081","0.9772727272727273","0.9489247311827957","0.921146953405018","0.9229390681003584","0.9767767721780677","0.5092746400885936","0.9409599966062868","0.9233869257201035","0.9609829041700251","0.7022166647720813","0.2697965215414346","0.018870069341821075","0.009116744344662952"
"4","0","200","0.957345971563981","0.795","0.9432900432900433","0.9134199134199135","0.9311688311688312","0.9615818736674888","1.1680506993006994","0.9710053859964093","0.9543586674645921","0.946688609615001","0.48164743817919137","0.4753240226972927","0.025063338847128292","0.017965200276387698"
"6","0","200","0.9653716216216216","7.833333333333333","1","0.9949579831932773","0.9605042016806723","0.9814232499637173","1.4908163265306122","0.9932186569632815","0.9768441945087661","0.9654789471197014","0.12965334092094655","0.8453075354483806","0.0035092711149049176","0.021529852515768007"
"10","0","200","0.9643150123051681","1.8333333333333333","0.9992125984251968","0.9598425196850394","0.9263779527559055","0.9660280834510139","2.3660326086956522","0.9995253699513666","0.9760734441236899","0.9433889885828717","0.0024216846994845062","0.9571319322494759","0.001515323174531241","0.03893105987650823"
"3","0","200","0.988479262672811","1.588235294117647","1","0.9807909604519774","0.9694915254237289","0.9741132645899693","3.098233995584989","0.9997733272887277","0.9879196778580762","0.9625723352622737","0.0031687277417907513","0.9645831580718432","0.00468298701662881","0.027565127169737247"
"14","1","200","1","0.14335664335664336","0.9017642341619888","0.8853247794707297","0.9835605453087409","0.9967970401691332","0.13929551692589204","0.924243303917015","0.9153893791608608","0.9882141198327915","0.959261684019345","0.034170344871280435","0.0016472724968849657","0.004920698612489705"
"12","1","200","0.9944289693593314","0.1077127659574468","0.8104304635761589","0.7924944812362031","0.9776490066225165","0.9969824561403509","0.07207586411805486","0.8499948846689593","0.8410784691781631","0.988545593339052","0.9572216943205905","0.03768913091148307","0.0012882830202470576","0.0038008917476792625"
"16","1","200","0.9979166666666667","0.2079646017699115","0.9147250698974837","0.8946877912395154","0.9780987884436161","0.9992103520301595","0.16173212487411884","0.9051850846844403","0.8877281052845805","0.9818420279040319","0.8099968349037081","0.18591288681128723","0.0012903854113407837","0.002799892873663964"
"11","1","200","0.99933818663137","0.20943396226415095","0.8814752252252253","0.8507882882882883","0.96875","0.9966735643711201","0.14214494163424124","0.8883246070069626","0.8732061694819091","0.9819768983614241","0.826341018362973","0.16824277356195333","0.002613972079012918","0.00280223599606094"
"1","0","200","0.9547770700636943","1.1258278145695364","0.9697850087158628","0.9122603137710633","0.9012202208018594","0.9657137720244516","0.9749285130718954","0.966459283495274","0.9190957763236169","0.9211241655099478","0.3215178285348102","0.6403075937199615","0.014702247448162216","0.023472330297065955"
"15","1","200","0.9986684420772304","0.3111587982832618","0.9063400576368876","0.8657060518731988","0.9582132564841499","0.9981805863647788","0.2136831780284453","0.9195441853148228","0.899762063947772","0.9785808392653479","0.6808105699732669","0.3165601381753374","9.021001331147756E-4","0.001727191718280729"
"13","1","200","1","0.7133333333333334","0.9869459623557985","0.9544626593806922","0.9675166970248937","0.9982591249741343","0.8035186677410691","0.991947699218274","0.9675905775023069","0.9739584240123962","0.1420696960483341","0.8551350078954854","0.0014025520562590112","0.0013927439999215357"
"17","1","200","1","0.6759259259259259","0.9904371584699454","0.9704918032786886","0.9800546448087432","0.9979161778343892","0.7467030468394725","0.9918918624179371","0.9760191061964274","0.9820933935309385","0.1634324090859319","0.8328203131653547","0.0022751329188617033","0.0014721448298516903"
"19","1","200","0.9951127819548872","0.24725274725274726","0.9050925925925926","0.8796296296296297","0.9702380952380952","0.9946426411899867","0.17964411198005215","0.9160665697769715","0.9035874684471059","0.9826800563854315","0.6076066903688501","0.38397536927757214","0.005094747645053697","0.0033231927085242345"
"18","1","200","0.996962794229309","0.16449511400651465","0.8395935960591133","0.8109605911330049","0.9689039408866995","0.9963092135900206","0.1792223243740198","0.8697893114940796","0.8451573464636822","0.9722487397209801","0.8106816824503029","0.18318497663263472","0.0015357051446122348","0.004597635772450208"
"25","2","200","1","0.8333333333333334","0.9878048780487805","0.926829268292683","0.9390243902439024","0.9033333333333333","2.0625","0.9891975308641975","0.9259259259259259","0.8472222222222222","0.38117283950617287","0.3641975308641975","0.12037037037037036","0.13425925925925924"
"20","1","200","0.9955141476880607","0.07035928143712575","0.8222097588334268","0.8126752664049355","0.9868199663488503","0.9957772947516189","0.07758552890287063","0.8802388987302938","0.8741674666244421","0.9902372163448692","0.968323478415507","0.023385053127639707","0.0030565064686791446","0.005234961988174099"
"23","2","200","0.9977744807121661","0.2251655629139073","0.9199466310873916","0.8992661774516344","0.9773182121414277","0.9978755223838875","0.19070713391739674","0.9316773374048936","0.9179871437919398","0.9843595632481813","0.7207841271618067","0.2739827615156434","0.003931829630044216","0.001301281692505737"
"24","2","200","0.9976470588235294","0.046153846153846156","0.8714285714285714","0.8673469387755102","0.9938775510204082","0.9964297071492585","0.07181023316062177","0.9206520873696223","0.9180445340906075","0.9941147588842592","0.9811866859623734","0.011917067840160665","0.0033816710475796682","0.003514575149886293"
"22","2","200","0.9978494623655914","0.14114114114114115","0.8327546296296297","0.8072916666666666","0.9728009259259259","0.9979730284494437","0.07886031373385978","0.8497004596395187","0.8386785794212329","0.9872781421611665","0.9295439040547355","0.0654037432890717","0.0022443914930641382","0.0028079611631287014"
"26","2","200","0.9996532593619972","0.025119617224880382","0.7806451612903226","0.7752688172043011","0.9943548387096774","0.9982950812834336","0.022847187655550025","0.8293415754942279","0.8267939201131141","0.9960427281897422","0.9911412451747006","0.005166782143917648","0.0018113431653964168","0.0018806295159853506"
"29","2","200","0.9978463747307968","0.102880658436214","0.8649144254278729","0.8514669926650367","0.9847188264058679","0.9967403223625904","0.09882757741812158","0.9020599854873821","0.8945550807600312","0.9895791340804644","0.9609730772083364","0.03258918638285248","0.0021360231402506855","0.004301713268560409"
"21","2","200","0.9962406015037594","0.6818181818181818","0.9865470852017937","0.969170403587444","0.9789798206278026","0.998299389700336","0.63510101010101","0.98317626802308","0.9583612633571231","0.973555196298779","0.24311499671961065","0.7540013121557498","7.018507499122687E-4","0.00218184037472727"
"27","2","200","0.9990026595744681","0.1680161943319838","0.881781838949172","0.8589377498572245","0.9762992575671046","0.9970457116241932","0.12360594795539033","0.8973346379186363","0.8858409270414599","0.9858892595692511","0.9336836738695635","0.060394525275501","0.0020262232505849904","0.003895577604350497"
"33","3","200","1","0","0.9885057471264368","0.9885057471264368","1","0.9864910503208375","0.9574468085106383","0.9860372340425532","0.984375","0.9850398936170213","0.9314317059791553","0.032638507953922105","0.021119034558420187","0.01481075150850247"
"35","3","200","0.9803921568627451","0.17647058823529413","0.9","0.9","0.9823529411764705","0.9776911076443058","0.19077306733167082","0.8901830282861897","0.8887964503605102","0.9787853577371048","0.9226926736441484","0.020456707897240724","0.02878211227402474","0.028068506184586107"
"30","2","200","0.9948109710896961","0.7708333333333334","0.9799307958477509","0.9335640138408304","0.9487889273356401","0.9994457600644934","0.6042296072507553","0.9728087212580665","0.9326013407681223","0.959275734603095","0.1883341738107245","0.8093965372331484","0.0014288115649689023","8.404773911581779E-4"
"28","2","200","0.986551724137931","0.3873239436619718","0.8884083044982699","0.8362168396770473","0.936562860438293","0.998449619535714","0.22450315363560633","0.8947995441831555","0.8660759110360271","0.9699336196798126","0.5819095202494484","0.41490855381922287","0.0019510949836800935","0.0012308309476486573"
"32","3","200","0.9995417048579285","0.3488372093023256","0.9748677248677249","0.9620811287477954","0.9867724867724867","0.9968331455751659","0.35813751087902523","0.9789750328515112","0.9720397138268361","0.9899863727064778","0.35502696506265796","0.6374436599536253","0.004559310111247167","0.002970064872469583"
"31","3","200","0.9990909090909091","0.8518518518518519","0.9889923793395428","0.9314140558848434","0.9415749364944962","0.996700723712218","0.9599908550525834","0.9952102478418268","0.9593984962406015","0.9610229276895944","0.07252030568559197","0.9215180250470132","0.0022806385788020646","0.0036810306885928065"
"38","3","200","1","0.16891891891891891","0.9349894291754757","0.9217758985200846","0.9867864693446089","0.9963970541552917","0.24120603015075376","0.9688188157572791","0.9634817714705163","0.9911915830682653","0.9603449952984663","0.0314192146817548","0.006387600920852112","0.001848189098926753"
"41","4","200","0.9980945121951219","0.3673469387755102","0.9542553191489361","0.9304964539007092","0.9744680851063829","0.9982724794694168","0.2676076833527357","0.9571379417692069","0.943702587124998","0.9849343797617682","0.4869139182592719","0.506709656501612","0.0035304501323918792","0.0028459751067240664"
"40","3","200","0.9970077797725913","0.33181818181818185","0.9559236384053902","0.9382369455362156","0.9795058955642897","0.9986837033067253","0.4090197612991587","0.9716470799318202","0.9541490984121288","0.9812460751771778","0.3940500296578102","0.6033012210836349","0.002055593053936307","5.931562046184368E-4"
"43","4","200","0.9824561403508771","1","0.9830508474576272","0.9661016949152542","0.9661016949152542","0.9823788546255506","3.4444444444444446","0.9962453066332916","0.9943679599499374","0.9806007509386734","0.5912818299525249","0.33534743202416917","0.047043590850237384","0.026327147173068624"
"39","3","200","0.9959119496855345","0.30319148936170215","0.922665916760405","0.8942632170978627","0.967941507311586","0.9982846902201741","0.280490034741269","0.9370033875021465","0.914625579543858","0.9760533258402411","0.4140550722037851","0.5831016234639879","9.507579155081174E-4","0.0018925464167189885"
"45","4","200","1","0","1","1","1","0.8507462686567164","2.5","0.9652777777777778","0.9305555555555556","0.8263888888888888","0.32345013477088946","0.3153638814016172","0.1994609164420485","0.16172506738544473"
"42","4","200","1","0.3253012048192771","0.9619306594153637","0.9435757987763427","0.981645139360979","0.9974484500415167","0.3124262681871805","0.9685837848585773","0.9578631671389041","0.9868353465559808","0.6029670788618329","0.39006010422908605","0.0058651558896696985","0.0011076610194113053"
"36","3","200","0.9917417417417418","0.29014598540145986","0.8720423412204235","0.8293897882938979","0.9504981320049813","0.9956288199942115","0.2504827497425335","0.9085933388467032","0.8831967521239005","0.9707428012931358","0.7018744319253657","0.29003961516694965","0.0012862067191439007","0.006799746188540755"
"34","3","200","0.9958129797627355","0.14425770308123248","0.825977653631285","0.8005586592178771","0.9712290502793296","0.9964768801358499","0.08918848281569891","0.8304098929223508","0.8169633958683814","0.9836752429777632","0.8569368748469707","0.13735909968895377","0.0020041170549454537","0.003699908409130068"
"37","3","200","0.9955902306648575","0.21904761904761905","0.8987529691211401","0.8752969121140143","0.9726840855106889","0.9954906407083919","0.20097610232245036","0.9052821853312544","0.8864609128985906","0.9771813568131096","0.7914225719932241","0.20162514116318464","0.0030791219649915305","0.0038731648785996606"
"49","4","200","1","0","1","1","1","0.7857142857142857","4.277777777777778","0.9966442953020134","0.9395973154362416","0.7416107382550335","0.3307240704500979","0.3072407045009785","0.1996086105675147","0.16242661448140902"
"44","4","200","1","0.048507462686567165","0.8426896977174584","0.8346699568167798","0.9919802590993214","0.9983673951100533","0.04298542617400265","0.8857579122709606","0.8821314547473625","0.9949333703498057","0.9576363979611102","0.03809703605814613","0.0013215027373985277","0.0029450632433452905"
"51","5","200","1","0.7058823529411765","0.9921259842519685","0.9732283464566929","0.9811023622047244","0.9995247399271268","0.8199608610567515","0.9948066639243109","0.9737248046071576","0.9784553681612506","0.1460464620630861","0.847080136402387","0.004262574595055414","0.0026108269394714404"
"52","5","200","0.9965753424657534","0.3522727272727273","0.9514331210191083","0.9299363057324841","0.9753184713375797","0.9955863808322825","0.473458904109589","0.9739068610024885","0.9584784927124067","0.9803412726626377","0.35032028469750887","0.6336654804270463","0.011174377224199289","0.004839857651245552"
"54","5","200","0.9935064935064936","0.1","0.9390243902439024","0.9390243902439024","0.9939024390243902","0.9952380952380953","0.18181818181818182","0.9729248307801924","0.972568578553616","0.9950124688279302","0.8688476274683171","0.09313292071912763","0.018862363689949896","0.019157088122605366"
"50","4","200","0.9937106918238994","0.05844155844155844","0.8800315706393055","0.8784530386740331","0.9928966061562746","0.9983184212196206","0.05014372404982434","0.9394242977305189","0.9378868433581972","0.9968854150134899","0.9729202772963604","0.022855285961871752","0.0020797227036395147","0.0021447140381282495"
"47","4","200","1","0.8783783783783784","0.9971698113207547","0.9767295597484277","0.9795597484276729","0.9996987126814572","0.9808013355592654","0.9993936780834838","0.9838583632003018","0.9841682610687434","0.0024101404427517258","0.9953284932159008","0.001234825041656748","0.0010265412996905497"
"53","5","200","0.9949596774193549","0.24087591240875914","0.9034543844109831","0.8786536758193091","0.970770593445527","0.99787343585611","0.10710334144722283","0.9160432590665148","0.9081354691819808","0.9901610017889088","0.9432151904409621","0.05093370995583652","0.004237003160938865","0.001614096442262425"
"55","5","200","0.9898572501878287","0.11210762331838565","0.8638996138996139","0.8564993564993565","0.9839124839124839","0.9942702100103283","0.07826380299111661","0.877714980683932","0.8727571898697954","0.9900414937759336","0.9781954531848188","0.01301340727553448","0.002000850755439321","0.006790288784207459"
"48","4","200","0.9943109987357776","0.19548872180451127","0.8793290043290043","0.8560606060606061","0.9718614718614719","0.9969616845343974","0.17105079054148595","0.8971673471457916","0.8791705762517013","0.9793320315471813","0.8376276270502049","0.15678658642105872","0.004095602515046052","0.001490184013690465"
"60","5","200","1","0.21875","0.9250374812593704","0.904047976011994","0.9790104947526237","0.9991973822312774","0.26202661207778916","0.957260975893793","0.9431116804471876","0.985093746360778","0.6366684629662893","0.3560864618885096","0.002993832704628465","0.00425124244057242"
"59","5","200","1","0.6666666666666666","0.9889025893958077","0.966707768187423","0.9778051787916153","0.9984024372120671","0.6652030735455543","0.9874941603478636","0.9672620117152406","0.9782225895712797","0.16624488276888721","0.8273911425381465","0.004093784890212132","0.002270189802754"
"46","4","200","0.9942381562099872","0.2680851063829787","0.899276572064552","0.869226488592098","0.9649415692821369","0.9923331254922552","0.22151030955017667","0.8885559917927456","0.8653683679917076","0.9701777055185977","0.7322008717940345","0.25525280394429656","0.004644670465120075","0.00790165379654874"
"57","5","200","0.9993714644877436","0.75","0.9932556713672593","0.9754751686082158","0.9816063764561619","0.9951150533487595","1.090539541759054","0.9966004003589425","0.9844343204252088","0.9830250109293389","0.08287433700530396","0.9103937168502653","0.005546205630354957","0.0011857405140758876"
"56","5","200","1","0.4230769230769231","0.9387040280210157","0.8937536485697607","0.9550496205487449","0.9990059544795706","0.29637060003647636","0.9308638590657445","0.9030192617224119","0.9712577604046907","0.4663627914334869","0.5310466886827899","0.001898396250667405","6.921236330558247E-4"
"62","6","200","0.9990783410138249","0.967741935483871","0.9982078853046595","0.9722222222222222","0.9731182795698925","0.9990679596248042","0.935595567867036","0.9981720072728695","0.9858843770161685","0.9867934856986451","0.1156387431217999","0.8796872676283753","0.002400730841955427","0.0022732584078692985"
"61","6","200","0.9986833443054641","0.625","0.9928710304601426","0.9844458846403111","0.9902786779001944","0.9985230343787317","0.9525052192066806","0.9978406241292839","0.9851707377480573","0.98587505030804","0.07298388488215603","0.9221677766658615","0.0032264743434901135","0.0016218641084923564"
"66","6","200","1","0","0.8625123639960435","0.8625123639960435","1","0.9924986361156574","0.04961287693561532","0.8573285430540951","0.8566421310900806","0.9928876036920201","0.9855155145637222","0.0025672720357516406","0.010459256441951127","0.0014579569585750057"
"67","6","200","0.9983498349834984","0.9411764705882353","0.9967897271268058","0.9727126805778491","0.9743178170144462","0.999266862170088","0.8872832369942196","0.9972739430099784","0.9822034770085382","0.9842094434728937","0.06861181972789117","0.924638605442177","0.003029336734693878","0.0037202380952380955"
"63","6","200","0.9993141289437586","0.1","0.890832328106152","0.879372738238842","0.9879372738238842","0.997308296444381","0.06291303198519693","0.9062000618588587","0.9024949739677303","0.9938656631785143","0.9620817949851035","0.03164602072671808","0.002223774429445054","0.004048409858733303"
"64","6","200","0.9945721583652618","0.8618421052631579","0.9884287454323996","0.953714981729598","0.9601096224116931","0.9984376709747231","0.826","0.9938460810187103","0.9733724659463425","0.978005656871679","0.1468028055529872","0.849842154622426","8.321555470432061E-4","0.002522884277543688"
"58","5","200","0.9981261711430356","0.0784313725490196","0.8941828254847646","0.8869806094182825","0.9911357340720222","0.9983232082031113","0.04191463164375128","0.9229422420625293","0.9211833017937148","0.9966964271273069","0.9939402401563809","0.0028111328306804433","0.0012473238387787399","0.002001303174159918"
"68","6","200","0.9977777777777778","0.03333333333333333","0.9263374485596708","0.9259259259259259","0.9975308641975309","0.9988363072148952","0.041162546028406105","0.9223880910388846","0.9201730074745947","0.9967141177458638","0.9896324651947046","0.00622052088317725","0.0020962927518399527","0.0020507211702782144"
"65","6","200","0.9976415094339622","1.0327868852459017","0.9990291262135922","0.9605177993527508","0.9592233009708738","0.9989862829602855","0.9750290360046457","0.9982901944903767","0.9709445550568623","0.9716700975264063","0.01450082278559321","0.9827895524788737","0.0017445529119186369","9.650718236145652E-4"
"69","6","200","1","0.45703125","0.9469060351413292","0.9022154316271963","0.9553093964858671","0.9990371545083824","0.4797619047619048","0.9608872096277637","0.9265323257766582","0.9647530086761825","0.37355140186915886","0.6232336448598131","0.002336448598130841","8.785046728971962E-4"
"73","7","200","0.9956896551724138","0.20666666666666667","0.9189364461738002","0.9027237354085603","0.9798962386511024","0.9936302379448305","0.22383130081300814","0.9213651974813967","0.9061247853463079","0.9789877885899637","0.6843333333333333","0.3041904761904762","0.004428571428571428","0.007047619047619047"
"72","7","200","0.9956559513466551","0.9479166666666666","0.9937447873227689","0.9599666388657214","0.9620517097581318","0.9992921566388857","0.9523560209424083","0.9973307078000219","0.958210261459359","0.9602012908872115","0.08076303439258446","0.9158280604263466","0.0010740386186929417","0.00233486656237596"
"74","7","200","0.998641304347826","0.16279069767441862","0.9525032092426188","0.944801026957638","0.9910141206675225","0.9956648677342298","0.12740384615384615","0.9431260909317596","0.939489651733023","0.9922907488986784","0.8861194853721711","0.10271326058341472","0.00785529276888455","0.003311961275529702"
"76","7","200","0.9994617868675996","1","0.9994871794871795","0.9528205128205128","0.9528205128205128","0.998472976307996","0.9425249169435216","0.9959906842369034","0.9556322042392618","0.9581822469856431","0.0523443314314066","0.941794839990077","0.0035661126271396676","0.00229471595137683"
"75","7","200","0.993380062305296","0.5753424657534246","0.970891672807664","0.94620486366986","0.9690493736182756","0.995644891122278","0.49676470588235294","0.9811264230077891","0.9708978858169991","0.9855430968073269","0.2891070766950723","0.7031678399407189","0.004038532789922194","0.0036865505742867733"
"71","7","200","0.9984928409947249","0.2543352601156069","0.9126666666666666","0.8846666666666667","0.9706666666666667","0.9971021163965811","0.22745520415157153","0.9228071833648394","0.903468809073724","0.9780434782608696","0.6806501021102791","0.31468047991831183","0.001776293396868618","0.002893124574540504"
"77","7","200","1","0.9428571428571428","0.9985496736765772","0.9746192893401016","0.9760696156635243","0.9992555954409357","1.0227272727272727","0.9995341386468771","0.9881327950046586","0.9878630858002191","0.012605951307484218","0.9850135256988277","0.0014968440036068527","8.83678990081154E-4"
"82","8","200","1","0","1","1","1","0.9795737122557726","3.25","0.9995598591549296","0.9911971830985915","0.9713908450704225","0.1320049813200498","0.7671232876712328","0.02677459526774595","0.07409713574097135"
"70","6","200","0.9966565349544073","0.9797979797979798","0.9956995412844036","0.9432339449541285","0.9443807339449541","0.997716513294376","0.8874427917620137","0.9921530568804162","0.9495486654785011","0.9552273268441218","0.08543216824889713","0.9106363959907632","9.932048236647602E-4","0.0029382309366749156"
"84","8","200","1","0","1","1","1","0.8304347826086956","78","1","1","0.8304347826086956","0.42857142857142855","0.23650793650793647","0.16666666666666666","0.16825396825396824"
"83","8","200","0.9900990099009901","2","1","1","0.9900990099009901","0.994259942599426","1.4655172413793103","0.9997974068071313","0.9882495948136143","0.9827795786061588","0.09476474486414845","0.8691186216037111","0.026507620941020545","0.009609012591119947"
"86","8","200","1","0","1","1","1","0.46774193548387094","66","1","1","0.46774193548387094","0.29850746268656714","0.16119402985074627","0.2805970149253731","0.25970149253731345"
"87","8","200","1","0","1","1","1","0.9473684210526315","1.6666666666666667","0.9693877551020408","0.9693877551020408","0.9489795918367347","0.6365663322185062","0.19175027870680048","0.06911928651059086","0.10256410256410259"
"78","7","200","1","0.8923076923076924","0.995775497887749","0.9607724803862402","0.9649969824984912","0.9977162977867203","0.9612728910237166","0.9965346390086731","0.9675755127468826","0.9688312193982342","0.09306199384116338","0.9029380499939728","0.0023342209948384127","0.001665735170025534"
"79","7","200","0.9968107725017717","0.05612244897959184","0.8346041055718475","0.827565982404692","0.9903225806451613","0.9937030086281176","0.0850639993218615","0.8826460837132201","0.8777766266058847","0.9896031910484874","0.9823940005768677","0.007533890972021921","0.003507355062013268","0.006564753389097203"
"80","7","200","0.997943797121316","0.17159763313609466","0.9121621621621622","0.8961916461916462","0.9821867321867321","0.9987155159830682","0.11157894736842106","0.9202235231506121","0.9115220862160723","0.9901277275146354","0.7693514644351466","0.2263482101348211","0.0015254532775453283","0.002774872152487216"
"88","8","200","0.9896324222431668","0.8","0.9802867383512545","0.9507168458781362","0.9605734767025089","0.9969329297951683","0.622791519434629","0.9858277833132308","0.9703183176883948","0.9815144999737795","0.24210583921633008","0.7500684069391998","0.002873091446396322","0.00495266239807366"
"92","9","200","0","0","0","0","0","0.8650306748466258","44.5","0.9984709480122325","0.9969418960244648","0.863914373088685","0.12129380053908356","0.6307277628032345","0.1307277628032345","0.11725067385444744"
"91","9","200","0.9961832061068703","0.06862745098039216","0.9396654719235364","0.9390681003584229","0.9958183990442055","0.9969193427931292","0.11206896551724138","0.9646069436949092","0.9634826407627272","0.9959075373268573","0.9864400305576776","0.0038197097020626434","0.004456327985739751","0.00528393175451999"
"85","8","200","0.9965349965349966","0.45714285714285713","0.9599483204134367","0.9321705426356589","0.9689922480620154","0.998627896287885","0.380306286942504","0.9690074135090609","0.9520953459637562","0.9817815588962109","0.37349363706672295","0.6232159178794909","0.002249876959853758","0.0010405680939323632"
"89","8","200","0.9948830409356725","0.5307692307692308","0.9546061415220294","0.9132176234979973","0.9539385847797063","0.9988587671885064","0.49473180076628354","0.9710080698505094","0.9447545971689377","0.9726683423733298","0.38079556664538966","0.6157517553531016","0.0018278883537399175","0.0016247896477688158"
"81","8","200","1","0.4356223175965665","0.9250712250712251","0.8672364672364672","0.9421652421652421","0.9961284930297105","0.33569677871148457","0.9175152820227841","0.8809669352597944","0.9600409836065574","0.5192897291773122","0.47414729177312215","0.004167731221257026","0.0023952478283086357"
"96","9","200","0.9976525821596244","0.6931818181818182","0.9827008928571429","0.9508928571428571","0.9659598214285714","0.9988635918335358","0.6852078239608802","0.9799668569324249","0.9397532682747192","0.9587184680537654","0.3557386472504312","0.6383215175320944","0.001762789806476337","0.004177045410998277"
"97","9","200","1","1","1","0.9761904761904762","0.9761904761904762","0.9812583668005355","5.5","0.9993333333333333","0.996","0.978","0.05609973285841496","0.811219946571683","0.07123775601068566","0.06144256455921638"
"90","8","200","0.995409604519774","0.04328358208955224","0.8132495716733296","0.80868075385494","0.991719017704169","0.9953474933072306","0.044285024487825064","0.856486050961829","0.8539933528049148","0.9935340920535805","0.9884939504863558","0.004584174335465772","0.002269280330243007","0.004652594847935411"
"98","9","200","0.9968652037617555","0.5","0.9907120743034056","0.9876160990712074","0.9938080495356038","0.9924449299107956","2.8333333333333335","0.9974582425562818","0.9972766884531591","0.9922839506172839","0.33809683927370543","0.6281102891728312","0.02202420981842636","0.011768661735036986"
"93","9","200","0.9943735933983496","0.6182795698924731","0.9698457223001402","0.9347826086956522","0.9596774193548387","0.9982074699055831","0.7260357432981316","0.9882322292519539","0.963349460364719","0.9733903982136212","0.3017224910850739","0.6939951604686704","0.0012576413652572594","0.0030247070809984716"
"94","9","200","0.9925053533190579","0.17543859649122806","0.8543890865954923","0.8309608540925267","0.970344009489917","0.9947094666922844","0.15173966050829973","0.8870990913335488","0.8723437369057453","0.9806294819763196","0.8458603938961929","0.1458762342256719","0.0014124293785310734","0.0068509424996039915"
"95","9","200","1","0.24671052631578946","0.9213058419243986","0.89553264604811","0.9742268041237113","0.9973365284815923","0.2294091967403958","0.9244349892247333","0.9050671381997016","0.9782215284301266","0.7716819021166847","0.22186274360187402","0.0033879164313946925","0.0030674378500465454"
"101","10","200","1","0.6756756756756757","0.9910313901345291","0.9723467862481315","0.9813153961136024","0.9990514905149052","0.7121318373071529","0.9922849204511627","0.9764164985280984","0.9832054377666788","0.1829161216334868","0.8135000985539448","0.00238321357535793","0.0012005662372103858"
"99","9","200","0.9978902953586498","0.9482758620689655","0.9950298210735586","0.9423459244532804","0.9453280318091452","0.9993574127711814","0.8425891530460624","0.9916598267213862","0.9508983128134975","0.9586274509803921","0.09278933092224231","0.9053920762781523","8.322373828702944E-4","9.863554167351635E-4"
"100","9","200","0.9992542878448919","0.11627906976744186","0.8772493573264781","0.8618251928020566","0.9839331619537275","0.9966481220957497","0.11181918936035465","0.8916588390005636","0.8813451061431523","0.9867321059552884","0.9107526766709808","0.08381376145807708","0.0016578781299134695","0.0037756837410287403"
"106","10","200","1","0","0.8571428571428571","0.8571428571428571","1","0.9612903225806452","3.25","0.9904458598726115","0.9872611464968153","0.9585987261146497","0.7832699619771863","0.08821292775665399","0.0623574144486692","0.0661596958174905"
"103","10","200","1","0.11413043478260869","0.8945666235446313","0.8809831824062095","0.9864165588615783","0.9978284410856643","0.14140159045725645","0.908882556987116","0.8961430459200529","0.9853144615130492","0.910411312548696","0.08539067133371324","0.002825811403253754","0.0013722047143372136"
"104","10","200","1","0.8061224489795918","0.9941717791411043","0.9699386503067484","0.9757668711656442","0.998200767964893","0.7296726504751848","0.9900841569937547","0.9697737017374004","0.9779446968326755","0.11610310877176493","0.8805836877599454","7.166858566158328E-4","0.002596517611673755"
"105","10","200","0.993514515132798","0.43006993006993005","0.9477866061293984","0.9188422247446084","0.9650964812712827","0.997029160132094","0.3680368805224741","0.9578764871166378","0.9377533329347761","0.977090930830394","0.4067203731185075","0.5879663981344074","0.001285244859020564","0.004027983888064447"
"110","10","200","1","0.9838709677419355","0.9994331065759637","0.9648526077097506","0.9654195011337868","0.9992252411103096","0.9447717231222386","0.9982550511676725","0.9821831540278142","0.9831671477302545","0.058602827943441134","0.9373372532549349","0.002183956320873583","0.0018759624807503851"
"111","15","200","1","0","0.9563953488372093","0.9563953488372093","1","0.9969005596211795","0.07228915662650602","0.9588871460414431","0.9588871460414431","0.9970279864608272","0.9747713912475506","0.011757021554539516","0.007266492488569563","0.0062050947093403004"
"107","10","200","0.9992464204973625","0.30666666666666664","0.9621968616262482","0.9465049928673324","0.9835948644793152","0.999188783003723","0.3343276732446076","0.9753346615513806","0.9641216472099188","0.988004873791843","0.396683101748095","0.5985477364410577","0.0028328103989242494","0.0019363514119229046"
"102","10","200","0.9980066445182725","0.9166666666666666","0.9928438083385189","0.9365276913503423","0.9418170504044804","0.996864597042657","0.9794344473007712","0.9958320643034019","0.9407616827998994","0.9419799515340916","0.06437117767572219","0.9314018933595326","0.003351078818897038","8.758501458480893E-4"
"109","10","200","0.9993169398907104","0.25625","0.9261083743842364","0.9014778325123153","0.9747536945812808","0.9982656623598217","0.2539325842696629","0.9245648458123047","0.900984090702214","0.9748566342682027","0.6813292915684293","0.3149096216458965","0.002469967441338273","0.0012911193443359153"
"116","15","200","1","1","1","0.8866666666666667","0.8866666666666667","0.9909729187562688","1.0516129032258064","0.9953466728711028","0.927873429502094","0.9241507677989763","0.07167497125335379","0.8777309313913376","0.026446914526638558","0.02414718282866999"
"113","15","200","0.9979006298110566","0.2192622950819672","0.8843395098625224","0.85415421398685","0.9680215182307232","0.9985111490697567","0.12716400434891695","0.8928459143416395","0.8787334814048539","0.9845792639019888","0.8074870624574992","0.18950474280511276","0.0012562958864953957","0.0017518988508926617"
"118","15","200","0","0","0","0","0","0.4864864864864865","58","1","0.9910714285714286","0.48214285714285715","0.23326133909287255","0.304535637149028","0.22246220302375808","0.23974082073434122"
"108","10","200","0.9997111496244945","0.576530612244898","0.9770366320393657","0.9464188080918535","0.9691088026243849","0.9973431595407358","0.6479733481399222","0.9800258707289216","0.9504327842683951","0.9678817652644182","0.21294300147169962","0.7816713734537211","0.0017183087387136551","0.003667316335865718"
"112","15","200","0.9893617021276596","0.28054298642533937","0.9074751698902248","0.8844746471510716","0.9675901725039205","0.995296869958051","0.23015825078521382","0.9051460331919496","0.8821771186199436","0.9728820917190925","0.636975273145486","0.35670746734576525","0.0031791670089542433","0.0031380924997946274"
"115","15","200","0.9987405541561712","0.6129032258064516","0.9773944080904223","0.9446757882212968","0.9660916121356335","0.9985681645087585","0.44666112496536436","0.9608772577181081","0.9317078709091425","0.9694965607939977","0.2532898567602189","0.7440846099283271","5.716887049133469E-4","0.002053844606540542"
"114","15","200","0.9941089837997055","0.1233974358974359","0.831437125748503","0.8131736526946107","0.9769461077844311","0.9959369688139591","0.08635418422975327","0.8743435436247662","0.8663195618365","0.988456134814915","0.9418158844452906","0.05118263563744623","0.0034444857936597227","0.0035569941236033823"
"121","20","200","0.9974874371859297","0.8181818181818182","0.9950433705080545","0.9863692688971499","0.9888475836431226","0.9987630795974994","0.8523391812865497","0.9971079160469344","0.9886960832920179","0.9903652288877871","0.11081895947272472","0.8835366708736503","0.0017529098303183284","0.003891459823306689"
"123","20","200","0.9914370811615786","0.10695187165775401","0.8833333333333333","0.8777777777777778","0.9869281045751634","0.9957581856180819","0.056481579785539866","0.8762261193828195","0.8727402923771178","0.9928121706704137","0.973929821412546","0.017095934667504264","0.0050405336683717735","0.003933710251577971"
"117","15","200","0.9983829236739974","0.44086021505376344","0.9385103926096998","0.8926096997690531","0.9526558891454965","0.9977990175545486","0.47312893861077676","0.9468465494952829","0.902886651813956","0.9540528646477983","0.3973783006864485","0.5992679976751857","5.262248472377123E-4","0.002827476791128006"
"125","20","200","1","0","1","1","1","0.8979591836734694","7.5","0.9865771812080537","0.9865771812080537","0.8993288590604027","0.356","0.40199999999999997","0.13799999999999998","0.10400000000000001"
"119","15","200","0.9981296758104738","0.5684931506849316","0.9794275491949911","0.9564698867024448","0.9752534287418009","0.9974972593077309","0.7351351351351352","0.9891120142156702","0.9680394221593339","0.976504656290105","0.213911624845895","0.7819819986837347","9.176778116628505E-4","0.0031886986587072786"
"120","15","200","0.9996740547588006","0.2569832402234637","0.9220665499124343","0.8955049620548745","0.9731465265615878","0.9964748664159905","0.26875323331608897","0.9234290038055533","0.8996238956106318","0.9730235973976841","0.505763688760807","0.48885404305814545","0.002992032547889473","0.0023902356331581623"
"129","20","200","0.9841772151898734","0.4166666666666667","0.9535928143712575","0.9461077844311377","0.9775449101796407","0.9899642901120551","0.6149425287356322","0.9820976491862567","0.9790235081374322","0.9871006630500302","0.9581117021276596","0.007092198581560284","0.012411347517730499","0.022384751773049646"
"122","20","200","0.9993975903614458","0.34684684684684686","0.958498023715415","0.9373235460191982","0.9782608695652174","0.9990946444738491","0.39630424022438543","0.9688835967023063","0.9498813392539671","0.9801377622319797","0.37520196896253705","0.6221489497613947","0.0010990869124112273","0.001549994363656859"
"127","20","200","1","0.6111111111111112","0.9749185667752444","0.9355048859934854","0.960586319218241","0.9993116279069767","0.7411512334644261","0.9865421684616337","0.9505367216651635","0.9633402302509417","0.18127062860126425","0.8155966211050402","0.0017528483786152494","0.00137990191508009"
"124","20","200","0.9766061452513967","0.35261194029850745","0.8782352941176471","0.8423529411764706","0.9444117647058824","0.994510494642595","0.19345165734662453","0.9082106623360748","0.8922677982083923","0.9791590270138125","0.8288339864378005","0.16316095981680173","0.0020530840678702213","0.0059519696775276135"
"132","25","200","1","0.5","0.9615384615384616","0.9230769230769231","0.9615384615384616","0.8814713896457765","14.666666666666666","0.9932432432432432","0.9918918918918919","0.8810810810810811","0.6874999999999999","0.08522727272727272","0.1068181818181818","0.12045454545454545"
"128","20","200","0.9985261606484893","0.31896551724137934","0.945010183299389","0.9212491513917176","0.9748811948404617","0.9982934279911941","0.3374468085106383","0.9607948874794758","0.9432568172306107","0.9808521940697338","0.7044668134633533","0.2914962776554472","0.002201950298836112","0.0018349585823634266"
"134","25","200","0.9965397923875432","0.5576923076923077","0.9837625979843225","0.9708846584546472","0.9837625979843225","0.9989041356965885","0.8349705304518664","0.9962958332030883","0.9840892751086243","0.9867150135975743","0.07728066994164388","0.9178398338333719","0.003395865616036399","0.0014836306089479414"
"126","20","200","0.9959349593495935","0.41361256544502617","0.9292141571685663","0.8854229154169166","0.9526094781043791","0.9978839955929446","0.30385779122541606","0.9147294198682219","0.8801852506412173","0.9635933549036135","0.5182136158564404","0.4781061489329345","0.0010543924570385766","0.0026258427535864547"
"135","25","200","1","0.21","0.9280510018214936","0.9089253187613844","0.9808743169398907","0.9987224039247752","0.2695743562795586","0.9340971543011504","0.9113688230636673","0.9761073075310884","0.5228530641889354","0.4718375115830599","0.0030053344686819103","0.002304089759322798"
"133","25","200","0.9996307237813885","0.4065934065934066","0.9622837370242214","0.9370242214532872","0.9743944636678201","0.9970805023052657","0.5685423525890452","0.9764135282994356","0.9517733158191031","0.9725810875182239","0.23563181933519411","0.7604351687388987","0.0027594519157574217","0.001173560010149708"
"131","25","200","0.9955601092896175","0.33707865168539325","0.9578235672891179","0.9426915647134578","0.9806825499034127","0.997487839687764","0.3071168621107966","0.9734885224700938","0.9652370710861834","0.989323718354208","0.5346364564954963","0.4596991364100659","0.0039000835732194263","0.0017643235212183117"
"139","25","200","0.9957446808510638","0.16666666666666666","0.9554655870445344","0.951417004048583","0.9919028340080972","0.9867969368893583","0.2904040404040404","0.9521957340025095","0.9503136762860728","0.9855708908406524","0.8640139921294272","0.09313511149978136","0.021862702229995628","0.0209881941407958"
"137","25","200","0.9937402190923318","0.9222222222222223","0.9913076341647771","0.9659863945578231","0.9686318972033258","0.9960088543064126","0.8239289446185998","0.9906573944691776","0.9689013095895753","0.9743768888311182","0.21269869304132816","0.7806252207700459","0.003638290356764394","0.0030377958318615326"
"130","20","200","0.9932669789227166","0.9744897959183674","0.9922480620155039","0.9457364341085271","0.9471207087486158","0.9963647240181304","0.848655874053171","0.9891118857659602","0.9508977406980645","0.9583290792141305","0.1638736355722226","0.830936516440099","0.0019252661889774321","0.0032645817987008636"
"138","25","200","0.9935262757044935","0.16981132075471697","0.879016393442623","0.860983606557377","0.9763934426229508","0.9980391865595152","0.09108527131782945","0.8989612967251075","0.8907575256367847","0.9900496195831955","0.8157362253439115","0.18055171409855159","0.001077225416696994","0.002634835140839945"
"141","30","200","0.9944301628106256","0.5426829268292683","0.9647718174539631","0.9343474779823859","0.9643714971977582","0.9988524392137914","0.669728984841525","0.9869357682200712","0.9637927019924825","0.9757509230615707","0.28402666136811117","0.7130651541699031","0.0019147052979534335","9.93479164032442E-4"
"145","30","200","1","0","0.9818181818181818","0.9818181818181818","1","0.9546666666666667","2.125","0.97911227154047","0.97911227154047","0.9556135770234987","0.6882591093117408","0.09581646423751686","0.07017543859649122","0.14574898785425103"
"136","25","200","0.9966487935656837","0.10732984293193717","0.8957219251336899","0.8865121806298277","0.9878193701723114","0.9988230237032791","0.0917961850936065","0.9046197446621176","0.8961405825812605","0.9904661016949152","0.8889271694646287","0.10787814248726299","0.0016391046521339679","0.0015555833959742752"
"147","30","200","1","1","1","0.9777777777777777","0.9777777777777777","0.9988846398980242","0.9370748299319728","0.9979343164940906","0.9846250392218387","0.9855925112435938","0.08941099689998369","0.9040082667101756","0.004350900092456627","0.0022298362973840213"
"143","30","200","0.9972067039106145","0.128125","0.9098618090452262","0.8994974874371859","0.9871231155778895","0.9984980450745414","0.17817083692838653","0.9293146857217702","0.9156637026472428","0.984973731317218","0.39345598695673023","0.6030114608142453","0.0015824555234091526","0.0019500967056153193"
"144","30","200","1","0.1178343949044586","0.9163141993957704","0.9051359516616314","0.988821752265861","0.9936237674359183","0.1438623462630085","0.9176316930528676","0.9105724589401102","0.9871347441225927","0.9437819420783646","0.04652077054121347","0.004777164913451115","0.004920122466970849"
"150","30","200","0.9948979591836735","0.8571428571428571","0.9901477832512315","0.9655172413793104","0.9704433497536946","0.993422544794738","1.3380281690140845","0.9988839285714286","0.9841517857142857","0.9787946428571429","0.047368421052631574","0.9251012145748987","0.0145748987854251","0.012955465587044534"
"146","30","200","0.9989247311827957","0.70625","0.9830508474576272","0.9457627118644067","0.9616949152542373","0.9975491749593289","0.8563218390804598","0.9918207248844564","0.9594380929214303","0.9652659531338685","0.1921386058255929","0.8039611326539814","0.0016457750924339432","0.0022544864279917033"
"149","30","200","0.9945525291828794","0.061224489795918366","0.8987430167597765","0.8973463687150838","0.9937150837988827","0.9966008259311204","0.06214217557251908","0.9260553234404264","0.9245065552514047","0.9953086731018586","0.9867054263565891","0.006802325581395348","9.689922480620155E-4","0.005523255813953488"
"140","25","200","0.9990791896869244","0.9302325581395349","0.9956268221574344","0.9498542274052478","0.9533527696793003","0.9986407686401461","0.7524568266386795","0.981999122852278","0.9324015788658996","0.9491351065476498","0.150266204996463","0.8472392866450723","0.0016083994191890987","8.861089392754756E-4"
"142","30","200","0.9949793266391022","0.4935064935064935","0.9531672983216026","0.9166215484569572","0.9588521927449919","0.9958978684250882","0.45349386213408877","0.9517609015816098","0.9186271370941922","0.9630979061279376","0.36188565697091274","0.6330844385006873","0.004249786396225714","7.801181321743007E-4"
"152","40","200","0.9931212381771282","0.18128654970760233","0.889055472263868","0.8718140929535232","0.9767616191904048","0.9951377150243611","0.20203673395162758","0.9169564749749032","0.9014233471963287","0.9800838950236627","0.6492915562723188","0.3411857312905579","0.002188687939177514","0.007334024497945704"
"156","40","200","1","0.3181818181818182","0.961472602739726","0.9434931506849316","0.9820205479452054","0.9981373296079925","0.329126213592233","0.9701849748499107","0.9582184001298069","0.9862485802368977","0.6732783243414788","0.31561409076483654","0.006902570612503967","0.004205014281180578"
"148","30","200","0.9989444053483463","0.1703056768558952","0.8839393939393939","0.8612121212121212","0.9763636363636363","0.9966991306621348","0.12119444149782539","0.8798337652039704","0.8665165739206774","0.9838225507271002","0.8580601527041012","0.1364477147350494","0.0018823184296086245","0.0036098141312407815"
"158","40","200","1","1","1","0.9736842105263158","0.9736842105263158","0.9726027397260274","5.4","1","0.9938118811881188","0.9665841584158416","0.053301886792452825","0.8589622641509435","0.038207547169811326","0.049528301886792456"
"151","40","200","0.9950298210735586","1.013157894736842","0.995475113122172","0.9754363283775048","0.9751131221719457","0.9969198403788644","0.971764705882353","0.9964254665852801","0.9803470025710744","0.9809019107337735","0.09921980825974189","0.8964539602868753","0.0023206241533922064","0.0020056072999905493"
"157","40","200","0.9929961089494164","0.11490683229813664","0.8952282157676349","0.8886583679114799","0.9872060857538036","0.9965411068458093","0.07686764352630315","0.9258753391535466","0.9231621107809299","0.994093652522195","0.9890367894307487","0.0029646431484908176","0.0029845400823733065","0.005014027338387155"
"154","40","200","0.988421052631579","0.29329608938547486","0.9108478802992519","0.8884039900249376","0.9672693266832918","0.9941710069947917","0.26410466067048244","0.9369020257630017","0.9215564701480571","0.9792826981666578","0.7974344952208855","0.1923058633315897","0.0016405915640306243","0.008619049883494222"
"155","40","200","0.9963396778916545","0.07741935483870968","0.8263723150357996","0.815035799522673","0.9856801909307876","0.9984983838538087","0.05088216761184625","0.8666929599684481","0.8609084335765463","0.9929227196038476","0.9187389857058939","0.07757734482083414","0.002827002153906403","8.566673193655766E-4"
"153","40","200","0.9993932038834952","0.7","0.9958033573141487","0.988009592326139","0.9916067146282974","0.9995413341037958","0.7458265139116202","0.9940636042402827","0.9784098939929329","0.9838975265017668","0.12493449066491977","0.8741320013101869","4.421880117916804E-4","4.913200131018671E-4"
"159","40","200","0.9929824561403509","0.2972972972972973","0.899210686095932","0.8652094717668488","0.9599271402550091","0.9967786357153396","0.17312098991750688","0.8825775226637296","0.8613488096246716","0.9759965686689824","0.8180817181894603","0.1765311800712755","0.001989083719112963","0.0033980180201513125"
"160","40","200","0.9964005235602095","0.8235294117647058","0.9872907625542467","0.9473031618102914","0.9566026038437694","0.99730068589129","0.797752808988764","0.9899823803569399","0.9633255655337046","0.9707428668864385","0.19345826662899832","0.801503594186521","0.004033650375113789","0.001004488809366858"
"166","50","200","1","0","1","1","1","0.9886101277512698","2.189655172413793","0.9992372234935164","0.9911517925247902","0.9806254767353165","0.030408704142837212","0.93876412330869","0.023294741247035844","0.007532431301436741"
"165","50","200","1","0.734375","0.9918738049713193","0.9694072657743786","0.9775334608030593","0.9966547128405502","0.8331900257953568","0.991720522204054","0.9698149445871941","0.97485011290197","0.13109797619371885","0.8599133821806989","0.0017160134012475146","0.007272628224334704"
"162","50","200","0.9980392156862745","0.03925619834710744","0.8670993227990971","0.863431151241535","0.9946388261851016","0.9962495200482694","0.06731626544389249","0.9059610027855153","0.9028040854224698","0.9934571340142371","0.984978923809916","0.0076615726819623505","0.0036522909200752424","0.003707212588046299"
"163","50","200","0.9981698389458272","0.3181818181818182","0.9120843989769821","0.8734015345268542","0.9597186700767263","0.9964765236381283","0.2752678571428571","0.9231163948123661","0.8982816870708759","0.9720002179678134","0.7605633802816901","0.23446741052374853","0.0022864459484177794","0.0026827632461435278"
"168","50","200","0.9954086317722681","0.9761904761904762","0.9950450450450451","0.981081081081081","0.9815315315315315","0.9966186966186966","1.0907668231611893","0.9980057177110712","0.9852676718771615","0.9839304652556832","0.05684946796636655","0.9357095021951037","0.002455539846714785","0.004985489991814866"
"161","50","200","0.9969834087481146","0.14626865671641792","0.8254063816977725","0.798314268512944","0.9704996989765202","0.9990235296337528","0.09359656829810326","0.8592542064574806","0.8456315869254765","0.9855516462826005","0.8883846146849905","0.10945984047149135","7.548954515275265E-4","0.0014006493919908325"
"167","50","200","1","0.8870967741935484","0.9977721196690006","0.98026734563972","0.9824952259707193","0.9993082040978379","0.9623441396508728","0.9984375367120133","0.9764455722374944","0.977332534479923","0.048348703807281575","0.9494660440432369","8.194695560556199E-4","0.0013657825934260332"
"169","50","200","0.9978888106966924","0.9107142857142857","0.9962042788129745","0.9806763285024155","0.9824016563146998","0.9994413099557187","0.7884737175427485","0.9949439719184555","0.9786823275280141","0.9831915755366545","0.13837254260476461","0.8593819706748358","0.0017101388930196592","5.353478273800673E-4"
"172","65","200","0.9951876804619827","0.07947019867549669","0.8789915966386554","0.873109243697479","0.9899159663865547","0.9959518325084955","0.07261106454316849","0.9053250786729468","0.9018490713507065","0.9928731565848742","0.9817111111111111","0.00988888888888889","0.0021555555555555555","0.006244444444444445"
"164","50","200","1","0.5430622009569378","0.9410129709697344","0.8709079678814082","0.9298949969116739","0.9987404515110877","0.4093205092720731","0.9417317512264006","0.9032799941106002","0.9604105179325529","0.5075329130354163","0.4898479510476544","0.001460226219173002","0.0011589096977563508"
"174","65","200","0.9941860465116279","2","1","0.9942196531791907","0.9884393063583815","0.9947316430688179","1.3461538461538463","0.9991872561768531","0.9873211963589077","0.9829323797139142","0.05377542490944553","0.9063806074115353","0.018110894399554194","0.021733073279465033"
"175","65","200","0.9957081545064378","0.08139534883720931","0.942722371967655","0.9420485175202157","0.9952830188679245","0.9984691392387447","0.03368482718219098","0.9443824099313607","0.9439390456172616","0.9981115964399487","0.9870710571923743","0.0061698440207972275","0.004263431542461005","0.0024956672443674174"
"177","65","200","0.9921307506053268","0.0963855421686747","0.9103410341034104","0.9086908690869087","0.9911991199119912","0.9968429360694554","0.049167114454594305","0.9375315285017656","0.937413822095174","0.9969228182276778","0.9910730163246435","0.0011025358324145535","0.0037343955614041325","0.004090052281537859"
"171","65","200","0.9946914399469144","0.07255520504731862","0.8344298245614035","0.8262061403508771","0.987390350877193","0.9961780596445875","0.053237331587847055","0.8588384841503138","0.8543497259076825","0.9922459680622865","0.9725191817026217","0.020494014577179486","0.004563370492642822","0.002423433227555807"
"170","50","200","0.9921372408863474","0.3709677419354839","0.8986035215543412","0.8494231936854888","0.944140862173649","0.9954404881310599","0.25031320471059887","0.9077202737382378","0.8822748591486976","0.9705318427185039","0.7246319241366487","0.2699251170574215","7.606619449280752E-4","0.004682296861001707"
"176","65","200","0.9909029649595688","0.12365591397849462","0.8536585365853658","0.841747022121384","0.9804310833806013","0.9950978512966974","0.0784105534105534","0.8762699988321849","0.8703725329907742","0.9898358385745983","0.9676464105340834","0.023958523004973788","0.0020029325232158086","0.006392133937727007"
"173","65","200","0.9957460732984293","0.38461538461538464","0.9265815438189204","0.8868253047011028","0.9564712710388856","0.9987884203002144","0.284352492585793","0.9331145902299074","0.9080759694149109","0.9738611727745973","0.6653764713918171","0.3323770709531507","1.3660891145465722E-4","0.0021098487435774835"
"183","80","200","0","0","0","0","0","0.3181818181818182","8.916666666666666","0.9397590361445783","0.927710843373494","0.35542168674698793","0.24296675191815859","0.20971867007672634","0.3171355498721228","0.23017902813299235"
"178","65","200","0.9947491248541424","0.7464788732394366","0.984873949579832","0.9602240896358544","0.9703081232492997","0.9968808984522461","0.8994670542635659","0.9950196252684589","0.9808931348589203","0.9828140042953418","0.1087177360837566","0.8854773504716492","0.0025396496320099515","0.003265263812584223"
"182","80","200","0.9988610478359908","0.2682926829268293","0.9179608372721134","0.8892640108035111","0.9702903443619176","0.999425360745754","0.20308653664078774","0.9294485673400114","0.9121268594628773","0.9821541482245666","0.5734940623542497","0.42359989954436195","0.0010763104079216446","0.001829727693466796"
"179","65","200","0.9996515679442509","0.1238390092879257","0.8387372013651877","0.8162684869169511","0.9772468714448237","0.9970453621269932","0.102810072467546","0.8697666998115196","0.8576675917543521","0.9853667947937846","0.8791536130655847","0.11640388269734478","0.002567921524318217","0.0018745827127522982"
"181","80","200","0.9973070017953322","0.7608695652173914","0.9879310344827587","0.9603448275862069","0.9698275862068966","0.9987415051598288","0.7457142857142857","0.9900488908416143","0.9656455367242202","0.9743813859572041","0.13955234137934683","0.8578890051913175","0.001120732493841258","0.0014379209354944441"
"180","65","200","0.9994033412887828","0.6306306306306306","0.9764969222160045","0.9378847229994404","0.9608282036933408","0.9988411420330661","0.6015070921985816","0.9804927374850574","0.9538212127663058","0.9722231319698037","0.2700093545369504","0.726978484565014","0.00146866230121609","0.0015434985968194573"
"188","80","200","0","2","1","1","0","0.43157894736842106","55","1","0.9895833333333334","0.4270833333333333","0.25287356321839083","0.23908045977011497","0.31724137931034485","0.19080459770114944"
"187","80","200","1","0.26666666666666666","0.9112903225806451","0.8790322580645161","0.967741935483871","0.9955128205128205","0.38345864661654133","0.9704887795880726","0.9591146633876422","0.9843221641561636","0.889599555061179","0.07035595105672969","0.024471635150166853","0.015572858731924362"
"184","80","200","0.998371335504886","0.7313432835820896","0.987203495630462","0.9581772784019975","0.9694132334581773","0.9989096957003819","0.6661432160804021","0.9863491950589184","0.9622543092206652","0.9748559641510776","0.2898858438511645","0.7078598671017969","9.82974875162191E-4","0.0012713141718764334"
"185","80","200","0.9952830188679245","0.8260869565217391","0.9908151549942594","0.9735935706084959","0.9781859931113662","0.9977454340494004","0.859646079111728","0.9942195763680336","0.9744686882646326","0.9780521079721122","0.16405644909824274","0.8324833780942896","0.0017300864037337678","0.0017300864037337678"
"186","80","200","1","0.7523364485981309","0.9826343381389253","0.9298820445609436","0.9472477064220184","0.9964145466962608","0.8883636988655895","0.9900984627750427","0.9415452627348538","0.9480709333869185","0.14263424202572275","0.852662550431313","0.0015603058199407083","0.0031429017230234267"
"189","80","200","0.9985935302390999","0.05846153846153846","0.8236977676016027","0.813966800228964","0.9891242129364625","0.9988618975960748","0.03468186278209676","0.8605027727233342","0.8565007365046357","0.9950231782341218","0.9484756619318877","0.04822384666161407","0.0016991418722343105","0.0016013495342639906"
"190","80","200","0.9966463414634147","0.4930555555555556","0.9754672897196262","0.9579439252336449","0.9792640186915887","0.9981142899637732","0.5258056699781924","0.9782761358085003","0.9579974759811105","0.9779148347174728","0.21911922663802363","0.7767557190849464","0.0015197568389057753","0.0026052974381241857"
"191","100","200","1","0.23103448275862068","0.8626847290640394","0.8214285714285714","0.958743842364532","0.9974842630306463","0.1322480731830296","0.8838465540892105","0.86866278794759","0.9826309067688378","0.8660362237538068","0.1296254741678688","0.001624191911096864","0.0027141101672276545"
"195","100","200","0.9973404255319149","0.032","0.9010375099760575","0.9002394253790902","0.9968076616121309","0.9990591571078747","0.01873289833719217","0.8921026041427456","0.890896982501263","0.9979561842649153","0.9689152458611318","0.026315789473684213","0.0024956758092414136","0.0022732888559426736"
"198","100","200","0.9980867346938775","0.18269230769230768","0.9473684210526315","0.937799043062201","0.9886363636363636","0.9953517774802916","0.2227751756440281","0.9492132867132868","0.9402797202797203","0.9866958041958042","0.4688209229439101","0.5198674303829389","0.0019092906805000182","0.009402355992651032"
"192","100","200","0.9990881458966565","0.47928994082840237","0.9506615214994487","0.9068357221609702","0.9553472987872106","0.9966204350506934","0.44011976047904194","0.9476655206042098","0.9120308084367281","0.9612830204796378","0.4779607310586771","0.5176661735819774","0.0036051765809022645","7.679187784433075E-4"
"200","100","200","1","0","0.985","0.985","1","0.9921113023522662","0.4435483870967742","0.9825253664036077","0.9825253664036077","0.992249154453213","0.9376386492482129","0.024648755237860486","0.01725412866650234","0.020458466847424205"
"193","100","200","0.999409681227863","0.7916666666666666","0.988268156424581","0.9463687150837988","0.9575418994413408","0.9988176136013995","0.8636845827439887","0.9955395819215824","0.9757421878350675","0.9790489016220482","0.14628318326194015","0.8514730308593409","0.001495857252479335","7.479286262396675E-4"
"194","100","200","0.9986559139784946","0.24744027303754265","0.8750701852891634","0.8354856822010107","0.959292532285233","0.9975890582669524","0.17077237155495067","0.8906520916396026","0.8706642374954893","0.9779130251102368","0.8359330615662158","0.16025954091955624","0.001485084370732874","0.0023223131434950313"
"197","100","200","0.9981870920957215","0.016339869281045753","0.8198813056379822","0.8183976261127597","0.9970326409495549","0.9967031625218772","0.02714660667416573","0.8481652535557547","0.8467980974701869","0.9958410882102893","0.9925148742882735","0.0019576482630669825","0.00227752543023479","0.003249952018424925"
"196","100","200","0.9956108266276518","0.3317307692307692","0.9079365079365079","0.8679365079365079","0.9561904761904761","0.9978377196734244","0.21404109589041095","0.8940407180493597","0.8675715122079936","0.9716548613458891","0.6455825840215725","0.3493718935272617","0.0017851941633546613","0.0032603282878108817"
"199","100","200","0.9947771587743732","0.1338235294117647","0.829954954954955","0.8085585585585585","0.9743806306306306","0.9967137389468127","0.10618036116142489","0.8736824544641096","0.8618453978797943","0.9853306944507636","0.9452209983268266","0.04969848020078082","0.002666620189626325","0.0024139012827663134"
